2026-07-02 11:29:44 - Detectados zebra.zpl y zebra.ok. Enviando a imprimir...
2026-07-02 11:29:44 - Impresión enviada correctamente.
2026-07-02 11:29:44 - Archivos zebra.zpl y zebra.ok eliminados.
2026-07-02 11:35:01 - Detectados zebra.zpl y zebra.ok. Enviando a imprimir...
2026-07-02 11:35:01 - Impresión enviada correctamente.
2026-07-02 11:35:01 - Archivos zebra.zpl y zebra.ok eliminados.
2026-07-02 11:36:01 - Detectados zebra.zpl y zebra.ok. Enviando a imprimir...
2026-07-02 11:36:01 - Impresión enviada correctamente.
2026-07-02 11:36:01 - Archivos zebra.zpl y zebra.ok eliminados.
2026-07-02 11:48:01 - Detectados zebra.zpl y zebra.ok. Enviando a imprimir...
2026-07-02 11:48:01 - Impresión enviada correctamente.
2026-07-02 11:48:01 - Archivos zebra.zpl y zebra.ok eliminados.
2026-07-02 11:50:01 - Detectados zebra.zpl y zebra.ok. Enviando a imprimir...
2026-07-02 11:50:01 - Impresión enviada correctamente.
2026-07-02 11:50:01 - Archivos zebra.zpl y zebra.ok eliminados.
2026-07-02 11:52:01 - Detectados zebra.zpl y zebra.ok. Enviando a imprimir...
2026-07-02 11:52:01 - Impresión enviada correctamente.
2026-07-02 11:52:01 - Archivos zebra.zpl y zebra.ok eliminados.
2026-07-02 17:58:01 - Detectados zebra.zpl y zebra.ok. Enviando a imprimir...
2026-07-02 17:58:01 - Impresión enviada correctamente.
2026-07-02 17:58:01 - Archivos zebra.zpl y zebra.ok eliminados.
2026-07-06 09:05:01 - Detectados zebra.zpl y zebra.ok. Enviando a imprimir...
2026-07-06 09:05:01 - ERROR: no se puede escribir en /dev/usb/lp0 (¿impresora desconectada/apagada o sin permisos?).
2026-07-06 09:06:01 - Detectados zebra.zpl y zebra.ok. Enviando a imprimir...
2026-07-06 09:06:01 - ERROR: no se puede escribir en /dev/usb/lp0 (¿impresora desconectada/apagada o sin permisos?).
2026-07-06 09:07:01 - Detectados zebra.zpl y zebra.ok. Enviando a imprimir...
2026-07-06 09:07:01 - ERROR: no se puede escribir en /dev/usb/lp0 (¿impresora desconectada/apagada o sin permisos?).
2026-07-06 09:08:01 - Detectados zebra.zpl y zebra.ok. Enviando a imprimir...
2026-07-06 09:08:01 - ERROR: no se puede escribir en /dev/usb/lp0 (¿impresora desconectada/apagada o sin permisos?).
2026-07-06 09:09:01 - Detectados zebra.zpl y zebra.ok. Enviando a imprimir...
2026-07-06 09:09:01 - ERROR: no se puede escribir en /dev/usb/lp0 (¿impresora desconectada/apagada o sin permisos?).
2026-07-06 09:10:01 - Detectados zebra.zpl y zebra.ok. Enviando a imprimir...
2026-07-06 09:10:01 - ERROR: no se puede escribir en /dev/usb/lp0 (¿impresora desconectada/apagada o sin permisos?).
2026-07-06 09:11:01 - Detectados zebra.zpl y zebra.ok. Enviando a imprimir...
2026-07-06 09:11:01 - ERROR: no se puede escribir en /dev/usb/lp0 (¿impresora desconectada/apagada o sin permisos?).
2026-07-06 09:12:01 - Detectados zebra.zpl y zebra.ok. Enviando a imprimir...
2026-07-06 09:12:01 - ERROR: no se puede escribir en /dev/usb/lp0 (¿impresora desconectada/apagada o sin permisos?).
2026-07-06 09:13:01 - Detectados zebra.zpl y zebra.ok. Enviando a imprimir...
2026-07-06 09:13:01 - ERROR: no se puede escribir en /dev/usb/lp0 (¿impresora desconectada/apagada o sin permisos?).
2026-07-06 09:14:01 - Detectados zebra.zpl y zebra.ok. Enviando a imprimir...
2026-07-06 09:14:01 - ERROR: no se puede escribir en /dev/usb/lp0 (¿impresora desconectada/apagada o sin permisos?).
2026-07-06 09:15:01 - Detectados zebra.zpl y zebra.ok. Enviando a imprimir...
2026-07-06 09:15:01 - ERROR: no se puede escribir en /dev/usb/lp0 (¿impresora desconectada/apagada o sin permisos?).
2026-07-06 09:16:02 - Detectados zebra.zpl y zebra.ok. Enviando a imprimir...
2026-07-06 09:16:02 - ERROR: no se puede escribir en /dev/usb/lp0 (¿impresora desconectada/apagada o sin permisos?).
2026-07-06 09:17:01 - Detectados zebra.zpl y zebra.ok. Enviando a imprimir...
2026-07-06 09:17:01 - ERROR: no se puede escribir en /dev/usb/lp0 (¿impresora desconectada/apagada o sin permisos?).
2026-07-06 09:18:01 - Detectados zebra.zpl y zebra.ok. Enviando a imprimir...
2026-07-06 09:18:01 - ERROR: no se puede escribir en /dev/usb/lp0 (¿impresora desconectada/apagada o sin permisos?).
2026-07-06 09:19:01 - Detectados zebra.zpl y zebra.ok. Enviando a imprimir...
2026-07-06 09:19:01 - ERROR: no se puede escribir en /dev/usb/lp0 (¿impresora desconectada/apagada o sin permisos?).
2026-07-06 09:20:01 - Detectados zebra.zpl y zebra.ok. Enviando a imprimir...
2026-07-06 09:20:01 - ERROR: no se puede escribir en /dev/usb/lp0 (¿impresora desconectada/apagada o sin permisos?).
2026-07-06 09:21:01 - Detectados zebra.zpl y zebra.ok. Enviando a imprimir...
2026-07-06 09:21:01 - ERROR: no se puede escribir en /dev/usb/lp0 (¿impresora desconectada/apagada o sin permisos?).
2026-07-06 09:22:01 - Detectados zebra.zpl y zebra.ok. Enviando a imprimir...
2026-07-06 09:22:01 - ERROR: no se puede escribir en /dev/usb/lp0 (¿impresora desconectada/apagada o sin permisos?).
2026-07-06 09:23:01 - Detectados zebra.zpl y zebra.ok. Enviando a imprimir...
2026-07-06 09:23:01 - ERROR: no se puede escribir en /dev/usb/lp0 (¿impresora desconectada/apagada o sin permisos?).
2026-07-06 09:24:01 - Detectados zebra.zpl y zebra.ok. Enviando a imprimir...
2026-07-06 09:24:01 - ERROR: no se puede escribir en /dev/usb/lp0 (¿impresora desconectada/apagada o sin permisos?).
2026-07-06 09:25:01 - Detectados zebra.zpl y zebra.ok. Enviando a imprimir...
2026-07-06 09:25:01 - ERROR: no se puede escribir en /dev/usb/lp0 (¿impresora desconectada/apagada o sin permisos?).
2026-07-06 09:26:01 - Detectados zebra.zpl y zebra.ok. Enviando a imprimir...
2026-07-06 09:26:01 - ERROR: no se puede escribir en /dev/usb/lp0 (¿impresora desconectada/apagada o sin permisos?).
2026-07-06 09:27:01 - Detectados zebra.zpl y zebra.ok. Enviando a imprimir...
2026-07-06 09:27:01 - ERROR: no se puede escribir en /dev/usb/lp0 (¿impresora desconectada/apagada o sin permisos?).
2026-07-06 09:28:01 - Detectados zebra.zpl y zebra.ok. Enviando a imprimir...
2026-07-06 09:28:01 - ERROR: no se puede escribir en /dev/usb/lp0 (¿impresora desconectada/apagada o sin permisos?).
2026-07-06 09:29:01 - Detectados zebra.zpl y zebra.ok. Enviando a imprimir...
2026-07-06 09:29:01 - ERROR: no se puede escribir en /dev/usb/lp0 (¿impresora desconectada/apagada o sin permisos?).
2026-07-06 09:30:01 - Detectados zebra.zpl y zebra.ok. Enviando a imprimir...
2026-07-06 09:30:01 - ERROR: no se puede escribir en /dev/usb/lp0 (¿impresora desconectada/apagada o sin permisos?).
2026-07-06 09:31:01 - Detectados zebra.zpl y zebra.ok. Enviando a imprimir...
2026-07-06 09:31:01 - ERROR: no se puede escribir en /dev/usb/lp0 (¿impresora desconectada/apagada o sin permisos?).
2026-07-06 09:32:01 - Detectados zebra.zpl y zebra.ok. Enviando a imprimir...
2026-07-06 09:32:01 - ERROR: no se puede escribir en /dev/usb/lp0 (¿impresora desconectada/apagada o sin permisos?).
2026-07-06 09:33:01 - Detectados zebra.zpl y zebra.ok. Enviando a imprimir...
2026-07-06 09:33:01 - ERROR: no se puede escribir en /dev/usb/lp0 (¿impresora desconectada/apagada o sin permisos?).
2026-07-06 09:34:01 - Detectados zebra.zpl y zebra.ok. Enviando a imprimir...
2026-07-06 09:34:01 - ERROR: no se puede escribir en /dev/usb/lp0 (¿impresora desconectada/apagada o sin permisos?).
2026-07-06 09:35:01 - Detectados zebra.zpl y zebra.ok. Enviando a imprimir...
2026-07-06 09:35:01 - ERROR: no se puede escribir en /dev/usb/lp0 (¿impresora desconectada/apagada o sin permisos?).
2026-07-06 09:36:01 - Detectados zebra.zpl y zebra.ok. Enviando a imprimir...
2026-07-06 09:36:01 - ERROR: no se puede escribir en /dev/usb/lp0 (¿impresora desconectada/apagada o sin permisos?).
2026-07-06 09:37:01 - Detectados zebra.zpl y zebra.ok. Enviando a imprimir...
2026-07-06 09:37:01 - ERROR: no se puede escribir en /dev/usb/lp0 (¿impresora desconectada/apagada o sin permisos?).
2026-07-06 09:38:01 - Detectados zebra.zpl y zebra.ok. Enviando a imprimir...
2026-07-06 09:38:01 - ERROR: no se puede escribir en /dev/usb/lp0 (¿impresora desconectada/apagada o sin permisos?).
2026-07-06 09:39:01 - Detectados zebra.zpl y zebra.ok. Enviando a imprimir...
2026-07-06 09:39:01 - ERROR: no se puede escribir en /dev/usb/lp0 (¿impresora desconectada/apagada o sin permisos?).
2026-07-06 09:40:01 - Detectados zebra.zpl y zebra.ok. Enviando a imprimir...
2026-07-06 09:40:01 - ERROR: no se puede escribir en /dev/usb/lp0 (¿impresora desconectada/apagada o sin permisos?).
2026-07-06 09:41:01 - Detectados zebra.zpl y zebra.ok. Enviando a imprimir...
2026-07-06 09:41:01 - ERROR: no se puede escribir en /dev/usb/lp0 (¿impresora desconectada/apagada o sin permisos?).
2026-07-06 09:42:01 - Detectados zebra.zpl y zebra.ok. Enviando a imprimir...
2026-07-06 09:42:01 - ERROR: no se puede escribir en /dev/usb/lp0 (¿impresora desconectada/apagada o sin permisos?).
2026-07-06 09:43:01 - Detectados zebra.zpl y zebra.ok. Enviando a imprimir...
2026-07-06 09:43:01 - ERROR: no se puede escribir en /dev/usb/lp0 (¿impresora desconectada/apagada o sin permisos?).
2026-07-06 09:44:01 - Detectados zebra.zpl y zebra.ok. Enviando a imprimir...
2026-07-06 09:44:01 - ERROR: no se puede escribir en /dev/usb/lp0 (¿impresora desconectada/apagada o sin permisos?).
2026-07-06 09:45:01 - Detectados zebra.zpl y zebra.ok. Enviando a imprimir...
2026-07-06 09:45:01 - ERROR: no se puede escribir en /dev/usb/lp0 (¿impresora desconectada/apagada o sin permisos?).
2026-07-06 09:46:01 - Detectados zebra.zpl y zebra.ok. Enviando a imprimir...
2026-07-06 09:46:01 - ERROR: no se puede escribir en /dev/usb/lp0 (¿impresora desconectada/apagada o sin permisos?).
2026-07-06 09:47:01 - Detectados zebra.zpl y zebra.ok. Enviando a imprimir...
2026-07-06 09:47:01 - ERROR: no se puede escribir en /dev/usb/lp0 (¿impresora desconectada/apagada o sin permisos?).
2026-07-06 09:48:01 - Detectados zebra.zpl y zebra.ok. Enviando a imprimir...
2026-07-06 09:48:01 - ERROR: no se puede escribir en /dev/usb/lp0 (¿impresora desconectada/apagada o sin permisos?).
2026-07-06 09:49:01 - Detectados zebra.zpl y zebra.ok. Enviando a imprimir...
2026-07-06 09:49:01 - ERROR: no se puede escribir en /dev/usb/lp0 (¿impresora desconectada/apagada o sin permisos?).
2026-07-06 09:50:01 - Detectados zebra.zpl y zebra.ok. Enviando a imprimir...
2026-07-06 09:50:01 - ERROR: no se puede escribir en /dev/usb/lp0 (¿impresora desconectada/apagada o sin permisos?).
2026-07-06 09:51:01 - Detectados zebra.zpl y zebra.ok. Enviando a imprimir...
2026-07-06 09:51:01 - ERROR: no se puede escribir en /dev/usb/lp0 (¿impresora desconectada/apagada o sin permisos?).
2026-07-06 09:52:01 - Detectados zebra.zpl y zebra.ok. Enviando a imprimir...
2026-07-06 09:52:01 - ERROR: no se puede escribir en /dev/usb/lp0 (¿impresora desconectada/apagada o sin permisos?).
2026-07-06 09:53:01 - Detectados zebra.zpl y zebra.ok. Enviando a imprimir...
2026-07-06 09:53:01 - ERROR: no se puede escribir en /dev/usb/lp0 (¿impresora desconectada/apagada o sin permisos?).
2026-07-06 09:54:01 - Detectados zebra.zpl y zebra.ok. Enviando a imprimir...
2026-07-06 09:54:01 - ERROR: no se puede escribir en /dev/usb/lp0 (¿impresora desconectada/apagada o sin permisos?).
2026-07-06 09:55:01 - Detectados zebra.zpl y zebra.ok. Enviando a imprimir...
2026-07-06 09:55:02 - ERROR: no se puede escribir en /dev/usb/lp0 (¿impresora desconectada/apagada o sin permisos?).
2026-07-06 09:56:01 - Detectados zebra.zpl y zebra.ok. Enviando a imprimir...
2026-07-06 09:56:01 - ERROR: no se puede escribir en /dev/usb/lp0 (¿impresora desconectada/apagada o sin permisos?).
2026-07-06 09:57:01 - Detectados zebra.zpl y zebra.ok. Enviando a imprimir...
2026-07-06 09:57:01 - ERROR: no se puede escribir en /dev/usb/lp0 (¿impresora desconectada/apagada o sin permisos?).
2026-07-06 09:58:01 - Detectados zebra.zpl y zebra.ok. Enviando a imprimir...
2026-07-06 09:58:01 - ERROR: no se puede escribir en /dev/usb/lp0 (¿impresora desconectada/apagada o sin permisos?).
2026-07-06 09:59:01 - Detectados zebra.zpl y zebra.ok. Enviando a imprimir...
2026-07-06 09:59:01 - ERROR: no se puede escribir en /dev/usb/lp0 (¿impresora desconectada/apagada o sin permisos?).
2026-07-06 10:00:01 - Detectados zebra.zpl y zebra.ok. Enviando a imprimir...
2026-07-06 10:00:01 - ERROR: no se puede escribir en /dev/usb/lp0 (¿impresora desconectada/apagada o sin permisos?).
2026-07-06 10:01:01 - Detectados zebra.zpl y zebra.ok. Enviando a imprimir...
2026-07-06 10:01:01 - ERROR: no se puede escribir en /dev/usb/lp0 (¿impresora desconectada/apagada o sin permisos?).
2026-07-06 10:02:01 - Detectados zebra.zpl y zebra.ok. Enviando a imprimir...
2026-07-06 10:02:01 - ERROR: no se puede escribir en /dev/usb/lp0 (¿impresora desconectada/apagada o sin permisos?).
2026-07-06 10:03:01 - Detectados zebra.zpl y zebra.ok. Enviando a imprimir...
2026-07-06 10:03:01 - ERROR: no se puede escribir en /dev/usb/lp0 (¿impresora desconectada/apagada o sin permisos?).
2026-07-06 10:04:01 - Detectados zebra.zpl y zebra.ok. Enviando a imprimir...
2026-07-06 10:04:01 - ERROR: no se puede escribir en /dev/usb/lp0 (¿impresora desconectada/apagada o sin permisos?).
2026-07-06 10:05:01 - Detectados zebra.zpl y zebra.ok. Enviando a imprimir...
2026-07-06 10:05:01 - ERROR: no se puede escribir en /dev/usb/lp0 (¿impresora desconectada/apagada o sin permisos?).
2026-07-06 10:06:01 - Detectados zebra.zpl y zebra.ok. Enviando a imprimir...
2026-07-06 10:06:01 - ERROR: no se puede escribir en /dev/usb/lp0 (¿impresora desconectada/apagada o sin permisos?).
2026-07-06 10:07:01 - Detectados zebra.zpl y zebra.ok. Enviando a imprimir...
2026-07-06 10:07:01 - ERROR: no se puede escribir en /dev/usb/lp0 (¿impresora desconectada/apagada o sin permisos?).
2026-07-06 10:08:01 - Detectados zebra.zpl y zebra.ok. Enviando a imprimir...
2026-07-06 10:08:01 - ERROR: no se puede escribir en /dev/usb/lp0 (¿impresora desconectada/apagada o sin permisos?).
2026-07-06 10:09:01 - Detectados zebra.zpl y zebra.ok. Enviando a imprimir...
2026-07-06 10:09:01 - ERROR: no se puede escribir en /dev/usb/lp0 (¿impresora desconectada/apagada o sin permisos?).
2026-07-06 10:10:01 - Detectados zebra.zpl y zebra.ok. Enviando a imprimir...
2026-07-06 10:10:01 - ERROR: no se puede escribir en /dev/usb/lp0 (¿impresora desconectada/apagada o sin permisos?).
2026-07-06 10:11:01 - Detectados zebra.zpl y zebra.ok. Enviando a imprimir...
2026-07-06 10:11:01 - ERROR: no se puede escribir en /dev/usb/lp0 (¿impresora desconectada/apagada o sin permisos?).
2026-07-06 10:12:01 - Detectados zebra.zpl y zebra.ok. Enviando a imprimir...
2026-07-06 10:12:01 - ERROR: no se puede escribir en /dev/usb/lp0 (¿impresora desconectada/apagada o sin permisos?).
2026-07-06 10:13:01 - Detectados zebra.zpl y zebra.ok. Enviando a imprimir...
2026-07-06 10:13:01 - ERROR: no se puede escribir en /dev/usb/lp0 (¿impresora desconectada/apagada o sin permisos?).
2026-07-06 10:14:01 - Detectados zebra.zpl y zebra.ok. Enviando a imprimir...
2026-07-06 10:14:01 - ERROR: no se puede escribir en /dev/usb/lp0 (¿impresora desconectada/apagada o sin permisos?).
2026-07-06 10:15:01 - Detectados zebra.zpl y zebra.ok. Enviando a imprimir...
2026-07-06 10:15:01 - ERROR: no se puede escribir en /dev/usb/lp0 (¿impresora desconectada/apagada o sin permisos?).
2026-07-06 10:16:01 - Detectados zebra.zpl y zebra.ok. Enviando a imprimir...
2026-07-06 10:16:01 - ERROR: no se puede escribir en /dev/usb/lp0 (¿impresora desconectada/apagada o sin permisos?).
2026-07-06 10:17:01 - Detectados zebra.zpl y zebra.ok. Enviando a imprimir...
2026-07-06 10:17:01 - ERROR: no se puede escribir en /dev/usb/lp0 (¿impresora desconectada/apagada o sin permisos?).
2026-07-06 10:18:01 - Detectados zebra.zpl y zebra.ok. Enviando a imprimir...
2026-07-06 10:18:01 - ERROR: no se puede escribir en /dev/usb/lp0 (¿impresora desconectada/apagada o sin permisos?).
2026-07-06 10:19:01 - Detectados zebra.zpl y zebra.ok. Enviando a imprimir...
2026-07-06 10:19:01 - ERROR: no se puede escribir en /dev/usb/lp0 (¿impresora desconectada/apagada o sin permisos?).
2026-07-06 10:20:01 - Detectados zebra.zpl y zebra.ok. Enviando a imprimir...
2026-07-06 10:20:01 - ERROR: no se puede escribir en /dev/usb/lp0 (¿impresora desconectada/apagada o sin permisos?).
2026-07-06 10:21:01 - Detectados zebra.zpl y zebra.ok. Enviando a imprimir...
2026-07-06 10:21:01 - ERROR: no se puede escribir en /dev/usb/lp0 (¿impresora desconectada/apagada o sin permisos?).
2026-07-06 10:22:01 - Detectados zebra.zpl y zebra.ok. Enviando a imprimir...
2026-07-06 10:22:01 - ERROR: no se puede escribir en /dev/usb/lp0 (¿impresora desconectada/apagada o sin permisos?).
2026-07-06 10:23:01 - Detectados zebra.zpl y zebra.ok. Enviando a imprimir...
2026-07-06 10:23:01 - ERROR: no se puede escribir en /dev/usb/lp0 (¿impresora desconectada/apagada o sin permisos?).
2026-07-06 10:24:01 - Detectados zebra.zpl y zebra.ok. Enviando a imprimir...
2026-07-06 10:24:01 - ERROR: no se puede escribir en /dev/usb/lp0 (¿impresora desconectada/apagada o sin permisos?).
2026-07-06 10:25:01 - Detectados zebra.zpl y zebra.ok. Enviando a imprimir...
2026-07-06 10:25:01 - ERROR: no se puede escribir en /dev/usb/lp0 (¿impresora desconectada/apagada o sin permisos?).
2026-07-06 10:26:01 - Detectados zebra.zpl y zebra.ok. Enviando a imprimir...
2026-07-06 10:26:01 - ERROR: no se puede escribir en /dev/usb/lp0 (¿impresora desconectada/apagada o sin permisos?).
2026-07-06 10:27:01 - Detectados zebra.zpl y zebra.ok. Enviando a imprimir...
2026-07-06 10:27:01 - ERROR: no se puede escribir en /dev/usb/lp0 (¿impresora desconectada/apagada o sin permisos?).
2026-07-06 10:28:01 - Detectados zebra.zpl y zebra.ok. Enviando a imprimir...
2026-07-06 10:28:01 - ERROR: no se puede escribir en /dev/usb/lp0 (¿impresora desconectada/apagada o sin permisos?).
2026-07-06 10:29:01 - Detectados zebra.zpl y zebra.ok. Enviando a imprimir...
2026-07-06 10:29:01 - ERROR: no se puede escribir en /dev/usb/lp0 (¿impresora desconectada/apagada o sin permisos?).
2026-07-06 10:30:01 - Detectados zebra.zpl y zebra.ok. Enviando a imprimir...
2026-07-06 10:30:01 - ERROR: no se puede escribir en /dev/usb/lp0 (¿impresora desconectada/apagada o sin permisos?).
2026-07-06 10:31:01 - Detectados zebra.zpl y zebra.ok. Enviando a imprimir...
2026-07-06 10:31:01 - ERROR: no se puede escribir en /dev/usb/lp0 (¿impresora desconectada/apagada o sin permisos?).
2026-07-06 10:32:01 - Detectados zebra.zpl y zebra.ok. Enviando a imprimir...
2026-07-06 10:32:01 - ERROR: no se puede escribir en /dev/usb/lp0 (¿impresora desconectada/apagada o sin permisos?).
2026-07-06 10:33:01 - Detectados zebra.zpl y zebra.ok. Enviando a imprimir...
2026-07-06 10:33:01 - ERROR: no se puede escribir en /dev/usb/lp0 (¿impresora desconectada/apagada o sin permisos?).
2026-07-06 10:34:01 - Detectados zebra.zpl y zebra.ok. Enviando a imprimir...
2026-07-06 10:34:01 - ERROR: no se puede escribir en /dev/usb/lp0 (¿impresora desconectada/apagada o sin permisos?).
2026-07-06 10:35:01 - Detectados zebra.zpl y zebra.ok. Enviando a imprimir...
2026-07-06 10:35:01 - ERROR: no se puede escribir en /dev/usb/lp0 (¿impresora desconectada/apagada o sin permisos?).
2026-07-06 10:36:01 - Detectados zebra.zpl y zebra.ok. Enviando a imprimir...
2026-07-06 10:36:01 - ERROR: no se puede escribir en /dev/usb/lp0 (¿impresora desconectada/apagada o sin permisos?).
2026-07-06 10:37:01 - Detectados zebra.zpl y zebra.ok. Enviando a imprimir...
2026-07-06 10:37:01 - ERROR: no se puede escribir en /dev/usb/lp0 (¿impresora desconectada/apagada o sin permisos?).
2026-07-06 10:38:01 - Detectados zebra.zpl y zebra.ok. Enviando a imprimir...
2026-07-06 10:38:01 - ERROR: no se puede escribir en /dev/usb/lp0 (¿impresora desconectada/apagada o sin permisos?).
2026-07-06 10:39:02 - Detectados zebra.zpl y zebra.ok. Enviando a imprimir...
2026-07-06 10:39:02 - ERROR: no se puede escribir en /dev/usb/lp0 (¿impresora desconectada/apagada o sin permisos?).
2026-07-06 10:40:01 - Detectados zebra.zpl y zebra.ok. Enviando a imprimir...
2026-07-06 10:40:01 - ERROR: no se puede escribir en /dev/usb/lp0 (¿impresora desconectada/apagada o sin permisos?).
2026-07-06 10:41:01 - Detectados zebra.zpl y zebra.ok. Enviando a imprimir...
2026-07-06 10:41:01 - ERROR: no se puede escribir en /dev/usb/lp0 (¿impresora desconectada/apagada o sin permisos?).
2026-07-06 10:42:01 - Detectados zebra.zpl y zebra.ok. Enviando a imprimir...
2026-07-06 10:42:01 - ERROR: no se puede escribir en /dev/usb/lp0 (¿impresora desconectada/apagada o sin permisos?).
2026-07-06 10:43:01 - Detectados zebra.zpl y zebra.ok. Enviando a imprimir...
2026-07-06 10:43:01 - ERROR: no se puede escribir en /dev/usb/lp0 (¿impresora desconectada/apagada o sin permisos?).
2026-07-06 10:44:01 - Detectados zebra.zpl y zebra.ok. Enviando a imprimir...
2026-07-06 10:44:01 - ERROR: no se puede escribir en /dev/usb/lp0 (¿impresora desconectada/apagada o sin permisos?).
2026-07-06 10:45:01 - Detectados zebra.zpl y zebra.ok. Enviando a imprimir...
2026-07-06 10:45:01 - ERROR: no se puede escribir en /dev/usb/lp0 (¿impresora desconectada/apagada o sin permisos?).
2026-07-06 10:46:01 - Detectados zebra.zpl y zebra.ok. Enviando a imprimir...
2026-07-06 10:46:01 - ERROR: no se puede escribir en /dev/usb/lp0 (¿impresora desconectada/apagada o sin permisos?).
2026-07-06 10:47:01 - Detectados zebra.zpl y zebra.ok. Enviando a imprimir...
2026-07-06 10:47:01 - ERROR: no se puede escribir en /dev/usb/lp0 (¿impresora desconectada/apagada o sin permisos?).
2026-07-06 10:48:01 - Detectados zebra.zpl y zebra.ok. Enviando a imprimir...
2026-07-06 10:48:01 - ERROR: no se puede escribir en /dev/usb/lp0 (¿impresora desconectada/apagada o sin permisos?).
2026-07-06 10:49:01 - Detectados zebra.zpl y zebra.ok. Enviando a imprimir...
2026-07-06 10:49:01 - ERROR: no se puede escribir en /dev/usb/lp0 (¿impresora desconectada/apagada o sin permisos?).
2026-07-06 10:50:01 - Detectados zebra.zpl y zebra.ok. Enviando a imprimir...
2026-07-06 10:50:01 - ERROR: no se puede escribir en /dev/usb/lp0 (¿impresora desconectada/apagada o sin permisos?).
2026-07-06 10:51:01 - Detectados zebra.zpl y zebra.ok. Enviando a imprimir...
2026-07-06 10:51:01 - ERROR: no se puede escribir en /dev/usb/lp0 (¿impresora desconectada/apagada o sin permisos?).
2026-07-06 10:52:01 - Detectados zebra.zpl y zebra.ok. Enviando a imprimir...
2026-07-06 10:52:01 - ERROR: no se puede escribir en /dev/usb/lp0 (¿impresora desconectada/apagada o sin permisos?).
2026-07-06 10:53:01 - Detectados zebra.zpl y zebra.ok. Enviando a imprimir...
2026-07-06 10:53:01 - ERROR: no se puede escribir en /dev/usb/lp0 (¿impresora desconectada/apagada o sin permisos?).
2026-07-06 10:54:01 - Detectados zebra.zpl y zebra.ok. Enviando a imprimir...
2026-07-06 10:54:01 - ERROR: no se puede escribir en /dev/usb/lp0 (¿impresora desconectada/apagada o sin permisos?).
2026-07-06 10:55:01 - Detectados zebra.zpl y zebra.ok. Enviando a imprimir...
2026-07-06 10:55:01 - ERROR: no se puede escribir en /dev/usb/lp0 (¿impresora desconectada/apagada o sin permisos?).
2026-07-06 10:56:01 - Detectados zebra.zpl y zebra.ok. Enviando a imprimir...
2026-07-06 10:56:01 - ERROR: no se puede escribir en /dev/usb/lp0 (¿impresora desconectada/apagada o sin permisos?).
2026-07-06 10:57:01 - Detectados zebra.zpl y zebra.ok. Enviando a imprimir...
2026-07-06 10:57:01 - ERROR: no se puede escribir en /dev/usb/lp0 (¿impresora desconectada/apagada o sin permisos?).
2026-07-06 10:58:01 - Detectados zebra.zpl y zebra.ok. Enviando a imprimir...
2026-07-06 10:58:01 - ERROR: no se puede escribir en /dev/usb/lp0 (¿impresora desconectada/apagada o sin permisos?).
2026-07-06 10:59:01 - Detectados zebra.zpl y zebra.ok. Enviando a imprimir...
2026-07-06 10:59:01 - ERROR: no se puede escribir en /dev/usb/lp0 (¿impresora desconectada/apagada o sin permisos?).
2026-07-06 11:00:01 - Detectados zebra.zpl y zebra.ok. Enviando a imprimir...
2026-07-06 11:00:01 - ERROR: no se puede escribir en /dev/usb/lp0 (¿impresora desconectada/apagada o sin permisos?).
2026-07-06 11:01:01 - Detectados zebra.zpl y zebra.ok. Enviando a imprimir...
2026-07-06 11:01:01 - ERROR: no se puede escribir en /dev/usb/lp0 (¿impresora desconectada/apagada o sin permisos?).
2026-07-06 11:02:01 - Detectados zebra.zpl y zebra.ok. Enviando a imprimir...
2026-07-06 11:02:01 - ERROR: no se puede escribir en /dev/usb/lp0 (¿impresora desconectada/apagada o sin permisos?).
2026-07-06 11:03:01 - Detectados zebra.zpl y zebra.ok. Enviando a imprimir...
2026-07-06 11:03:01 - ERROR: no se puede escribir en /dev/usb/lp0 (¿impresora desconectada/apagada o sin permisos?).
2026-07-06 11:04:01 - Detectados zebra.zpl y zebra.ok. Enviando a imprimir...
2026-07-06 11:04:01 - ERROR: no se puede escribir en /dev/usb/lp0 (¿impresora desconectada/apagada o sin permisos?).
2026-07-06 11:05:01 - Detectados zebra.zpl y zebra.ok. Enviando a imprimir...
2026-07-06 11:05:01 - ERROR: no se puede escribir en /dev/usb/lp0 (¿impresora desconectada/apagada o sin permisos?).
2026-07-06 11:06:01 - Detectados zebra.zpl y zebra.ok. Enviando a imprimir...
2026-07-06 11:06:01 - ERROR: no se puede escribir en /dev/usb/lp0 (¿impresora desconectada/apagada o sin permisos?).
2026-07-06 11:07:01 - Detectados zebra.zpl y zebra.ok. Enviando a imprimir...
2026-07-06 11:07:01 - ERROR: no se puede escribir en /dev/usb/lp0 (¿impresora desconectada/apagada o sin permisos?).
2026-07-06 11:08:01 - Detectados zebra.zpl y zebra.ok. Enviando a imprimir...
2026-07-06 11:08:01 - ERROR: no se puede escribir en /dev/usb/lp0 (¿impresora desconectada/apagada o sin permisos?).
2026-07-06 11:09:01 - Detectados zebra.zpl y zebra.ok. Enviando a imprimir...
2026-07-06 11:09:01 - ERROR: no se puede escribir en /dev/usb/lp0 (¿impresora desconectada/apagada o sin permisos?).
2026-07-06 11:10:01 - Detectados zebra.zpl y zebra.ok. Enviando a imprimir...
2026-07-06 11:10:01 - ERROR: no se puede escribir en /dev/usb/lp0 (¿impresora desconectada/apagada o sin permisos?).
2026-07-06 11:11:01 - Detectados zebra.zpl y zebra.ok. Enviando a imprimir...
2026-07-06 11:11:01 - ERROR: no se puede escribir en /dev/usb/lp0 (¿impresora desconectada/apagada o sin permisos?).
2026-07-06 11:12:01 - Detectados zebra.zpl y zebra.ok. Enviando a imprimir...
2026-07-06 11:12:01 - ERROR: no se puede escribir en /dev/usb/lp0 (¿impresora desconectada/apagada o sin permisos?).
2026-07-06 11:13:01 - Detectados zebra.zpl y zebra.ok. Enviando a imprimir...
2026-07-06 11:13:01 - ERROR: no se puede escribir en /dev/usb/lp0 (¿impresora desconectada/apagada o sin permisos?).
2026-07-06 11:14:01 - Detectados zebra.zpl y zebra.ok. Enviando a imprimir...
2026-07-06 11:14:01 - ERROR: no se puede escribir en /dev/usb/lp0 (¿impresora desconectada/apagada o sin permisos?).
2026-07-06 11:15:01 - Detectados zebra.zpl y zebra.ok. Enviando a imprimir...
2026-07-06 11:15:01 - ERROR: no se puede escribir en /dev/usb/lp0 (¿impresora desconectada/apagada o sin permisos?).
2026-07-06 11:16:01 - Detectados zebra.zpl y zebra.ok. Enviando a imprimir...
2026-07-06 11:16:01 - ERROR: no se puede escribir en /dev/usb/lp0 (¿impresora desconectada/apagada o sin permisos?).
2026-07-06 11:17:01 - Detectados zebra.zpl y zebra.ok. Enviando a imprimir...
2026-07-06 11:17:01 - ERROR: no se puede escribir en /dev/usb/lp0 (¿impresora desconectada/apagada o sin permisos?).
2026-07-06 11:18:01 - Detectados zebra.zpl y zebra.ok. Enviando a imprimir...
2026-07-06 11:18:01 - ERROR: no se puede escribir en /dev/usb/lp0 (¿impresora desconectada/apagada o sin permisos?).
2026-07-06 11:19:02 - Detectados zebra.zpl y zebra.ok. Enviando a imprimir...
2026-07-06 11:19:02 - ERROR: no se puede escribir en /dev/usb/lp0 (¿impresora desconectada/apagada o sin permisos?).
2026-07-06 11:20:01 - Detectados zebra.zpl y zebra.ok. Enviando a imprimir...
2026-07-06 11:20:01 - ERROR: no se puede escribir en /dev/usb/lp0 (¿impresora desconectada/apagada o sin permisos?).
2026-07-06 11:21:01 - Detectados zebra.zpl y zebra.ok. Enviando a imprimir...
2026-07-06 11:21:01 - ERROR: no se puede escribir en /dev/usb/lp0 (¿impresora desconectada/apagada o sin permisos?).
2026-07-06 11:22:01 - Detectados zebra.zpl y zebra.ok. Enviando a imprimir...
2026-07-06 11:22:01 - ERROR: no se puede escribir en /dev/usb/lp0 (¿impresora desconectada/apagada o sin permisos?).
2026-07-06 11:23:01 - Detectados zebra.zpl y zebra.ok. Enviando a imprimir...
2026-07-06 11:23:01 - ERROR: no se puede escribir en /dev/usb/lp0 (¿impresora desconectada/apagada o sin permisos?).
2026-07-06 11:24:01 - Detectados zebra.zpl y zebra.ok. Enviando a imprimir...
2026-07-06 11:24:01 - ERROR: no se puede escribir en /dev/usb/lp0 (¿impresora desconectada/apagada o sin permisos?).
2026-07-06 11:25:01 - Detectados zebra.zpl y zebra.ok. Enviando a imprimir...
2026-07-06 11:25:01 - ERROR: no se puede escribir en /dev/usb/lp0 (¿impresora desconectada/apagada o sin permisos?).
2026-07-06 11:26:01 - Detectados zebra.zpl y zebra.ok. Enviando a imprimir...
2026-07-06 11:26:01 - ERROR: no se puede escribir en /dev/usb/lp0 (¿impresora desconectada/apagada o sin permisos?).
2026-07-06 11:27:01 - Detectados zebra.zpl y zebra.ok. Enviando a imprimir...
2026-07-06 11:27:01 - ERROR: no se puede escribir en /dev/usb/lp0 (¿impresora desconectada/apagada o sin permisos?).
2026-07-06 11:28:01 - Detectados zebra.zpl y zebra.ok. Enviando a imprimir...
2026-07-06 11:28:01 - ERROR: no se puede escribir en /dev/usb/lp0 (¿impresora desconectada/apagada o sin permisos?).
2026-07-06 11:29:01 - Detectados zebra.zpl y zebra.ok. Enviando a imprimir...
2026-07-06 11:29:01 - ERROR: no se puede escribir en /dev/usb/lp0 (¿impresora desconectada/apagada o sin permisos?).
2026-07-06 11:30:01 - Detectados zebra.zpl y zebra.ok. Enviando a imprimir...
2026-07-06 11:30:01 - ERROR: no se puede escribir en /dev/usb/lp0 (¿impresora desconectada/apagada o sin permisos?).
2026-07-06 11:31:01 - Detectados zebra.zpl y zebra.ok. Enviando a imprimir...
2026-07-06 11:31:01 - ERROR: no se puede escribir en /dev/usb/lp0 (¿impresora desconectada/apagada o sin permisos?).
2026-07-06 11:32:01 - Detectados zebra.zpl y zebra.ok. Enviando a imprimir...
2026-07-06 11:32:01 - ERROR: no se puede escribir en /dev/usb/lp0 (¿impresora desconectada/apagada o sin permisos?).
2026-07-06 11:33:01 - Detectados zebra.zpl y zebra.ok. Enviando a imprimir...
2026-07-06 11:33:01 - ERROR: no se puede escribir en /dev/usb/lp0 (¿impresora desconectada/apagada o sin permisos?).
2026-07-06 11:34:01 - Detectados zebra.zpl y zebra.ok. Enviando a imprimir...
2026-07-06 11:34:01 - ERROR: no se puede escribir en /dev/usb/lp0 (¿impresora desconectada/apagada o sin permisos?).
2026-07-06 11:35:01 - Detectados zebra.zpl y zebra.ok. Enviando a imprimir...
2026-07-06 11:35:01 - ERROR: no se puede escribir en /dev/usb/lp0 (¿impresora desconectada/apagada o sin permisos?).
2026-07-06 11:36:01 - Detectados zebra.zpl y zebra.ok. Enviando a imprimir...
2026-07-06 11:36:01 - ERROR: no se puede escribir en /dev/usb/lp0 (¿impresora desconectada/apagada o sin permisos?).
2026-07-06 11:37:01 - Detectados zebra.zpl y zebra.ok. Enviando a imprimir...
2026-07-06 11:37:01 - ERROR: no se puede escribir en /dev/usb/lp0 (¿impresora desconectada/apagada o sin permisos?).
2026-07-06 11:38:01 - Detectados zebra.zpl y zebra.ok. Enviando a imprimir...
2026-07-06 11:38:01 - ERROR: no se puede escribir en /dev/usb/lp0 (¿impresora desconectada/apagada o sin permisos?).
2026-07-06 11:39:01 - Detectados zebra.zpl y zebra.ok. Enviando a imprimir...
2026-07-06 11:39:01 - ERROR: no se puede escribir en /dev/usb/lp0 (¿impresora desconectada/apagada o sin permisos?).
2026-07-06 11:40:01 - Detectados zebra.zpl y zebra.ok. Enviando a imprimir...
2026-07-06 11:40:01 - ERROR: no se puede escribir en /dev/usb/lp0 (¿impresora desconectada/apagada o sin permisos?).
2026-07-06 11:41:01 - Detectados zebra.zpl y zebra.ok. Enviando a imprimir...
2026-07-06 11:41:01 - ERROR: no se puede escribir en /dev/usb/lp0 (¿impresora desconectada/apagada o sin permisos?).
2026-07-06 11:42:01 - Detectados zebra.zpl y zebra.ok. Enviando a imprimir...
2026-07-06 11:42:01 - ERROR: no se puede escribir en /dev/usb/lp0 (¿impresora desconectada/apagada o sin permisos?).
2026-07-06 11:43:01 - Detectados zebra.zpl y zebra.ok. Enviando a imprimir...
2026-07-06 11:43:01 - ERROR: no se puede escribir en /dev/usb/lp0 (¿impresora desconectada/apagada o sin permisos?).
2026-07-06 11:44:01 - Detectados zebra.zpl y zebra.ok. Enviando a imprimir...
2026-07-06 11:44:01 - ERROR: no se puede escribir en /dev/usb/lp0 (¿impresora desconectada/apagada o sin permisos?).
2026-07-06 11:45:01 - Detectados zebra.zpl y zebra.ok. Enviando a imprimir...
2026-07-06 11:45:01 - ERROR: no se puede escribir en /dev/usb/lp0 (¿impresora desconectada/apagada o sin permisos?).
2026-07-06 11:46:01 - Detectados zebra.zpl y zebra.ok. Enviando a imprimir...
2026-07-06 11:46:01 - ERROR: no se puede escribir en /dev/usb/lp0 (¿impresora desconectada/apagada o sin permisos?).
2026-07-06 11:47:01 - Detectados zebra.zpl y zebra.ok. Enviando a imprimir...
2026-07-06 11:47:01 - ERROR: no se puede escribir en /dev/usb/lp0 (¿impresora desconectada/apagada o sin permisos?).
2026-07-06 11:48:01 - Detectados zebra.zpl y zebra.ok. Enviando a imprimir...
2026-07-06 11:48:01 - ERROR: no se puede escribir en /dev/usb/lp0 (¿impresora desconectada/apagada o sin permisos?).
2026-07-06 11:49:01 - Detectados zebra.zpl y zebra.ok. Enviando a imprimir...
2026-07-06 11:49:01 - ERROR: no se puede escribir en /dev/usb/lp0 (¿impresora desconectada/apagada o sin permisos?).
2026-07-06 11:50:01 - Detectados zebra.zpl y zebra.ok. Enviando a imprimir...
2026-07-06 11:50:01 - ERROR: no se puede escribir en /dev/usb/lp0 (¿impresora desconectada/apagada o sin permisos?).
2026-07-06 11:51:01 - Detectados zebra.zpl y zebra.ok. Enviando a imprimir...
2026-07-06 11:51:01 - ERROR: no se puede escribir en /dev/usb/lp0 (¿impresora desconectada/apagada o sin permisos?).
2026-07-06 11:52:01 - Detectados zebra.zpl y zebra.ok. Enviando a imprimir...
2026-07-06 11:52:01 - ERROR: no se puede escribir en /dev/usb/lp0 (¿impresora desconectada/apagada o sin permisos?).
2026-07-06 11:53:01 - Detectados zebra.zpl y zebra.ok. Enviando a imprimir...
2026-07-06 11:53:01 - ERROR: no se puede escribir en /dev/usb/lp0 (¿impresora desconectada/apagada o sin permisos?).
2026-07-06 11:54:01 - Detectados zebra.zpl y zebra.ok. Enviando a imprimir...
2026-07-06 11:54:01 - ERROR: no se puede escribir en /dev/usb/lp0 (¿impresora desconectada/apagada o sin permisos?).
2026-07-06 11:55:01 - Detectados zebra.zpl y zebra.ok. Enviando a imprimir...
2026-07-06 11:55:01 - ERROR: no se puede escribir en /dev/usb/lp0 (¿impresora desconectada/apagada o sin permisos?).
2026-07-06 11:56:01 - Detectados zebra.zpl y zebra.ok. Enviando a imprimir...
2026-07-06 11:56:01 - ERROR: no se puede escribir en /dev/usb/lp0 (¿impresora desconectada/apagada o sin permisos?).
2026-07-06 11:57:01 - Detectados zebra.zpl y zebra.ok. Enviando a imprimir...
2026-07-06 11:57:01 - ERROR: no se puede escribir en /dev/usb/lp0 (¿impresora desconectada/apagada o sin permisos?).
2026-07-06 11:58:01 - Detectados zebra.zpl y zebra.ok. Enviando a imprimir...
2026-07-06 11:58:01 - ERROR: no se puede escribir en /dev/usb/lp0 (¿impresora desconectada/apagada o sin permisos?).
2026-07-06 11:59:01 - Detectados zebra.zpl y zebra.ok. Enviando a imprimir...
2026-07-06 11:59:01 - ERROR: no se puede escribir en /dev/usb/lp0 (¿impresora desconectada/apagada o sin permisos?).
2026-07-06 12:00:01 - Detectados zebra.zpl y zebra.ok. Enviando a imprimir...
2026-07-06 12:00:01 - ERROR: no se puede escribir en /dev/usb/lp0 (¿impresora desconectada/apagada o sin permisos?).
2026-07-06 12:01:01 - Detectados zebra.zpl y zebra.ok. Enviando a imprimir...
2026-07-06 12:01:01 - ERROR: no se puede escribir en /dev/usb/lp0 (¿impresora desconectada/apagada o sin permisos?).
2026-07-06 12:02:01 - Detectados zebra.zpl y zebra.ok. Enviando a imprimir...
2026-07-06 12:02:01 - ERROR: no se puede escribir en /dev/usb/lp0 (¿impresora desconectada/apagada o sin permisos?).
2026-07-06 12:03:01 - Detectados zebra.zpl y zebra.ok. Enviando a imprimir...
2026-07-06 12:03:01 - ERROR: no se puede escribir en /dev/usb/lp0 (¿impresora desconectada/apagada o sin permisos?).
2026-07-06 12:04:01 - Detectados zebra.zpl y zebra.ok. Enviando a imprimir...
2026-07-06 12:04:01 - ERROR: no se puede escribir en /dev/usb/lp0 (¿impresora desconectada/apagada o sin permisos?).
2026-07-06 12:05:01 - Detectados zebra.zpl y zebra.ok. Enviando a imprimir...
2026-07-06 12:05:01 - ERROR: no se puede escribir en /dev/usb/lp0 (¿impresora desconectada/apagada o sin permisos?).
2026-07-06 12:06:01 - Detectados zebra.zpl y zebra.ok. Enviando a imprimir...
2026-07-06 12:06:01 - ERROR: no se puede escribir en /dev/usb/lp0 (¿impresora desconectada/apagada o sin permisos?).
2026-07-06 12:07:01 - Detectados zebra.zpl y zebra.ok. Enviando a imprimir...
2026-07-06 12:07:01 - ERROR: no se puede escribir en /dev/usb/lp0 (¿impresora desconectada/apagada o sin permisos?).
2026-07-06 12:08:01 - Detectados zebra.zpl y zebra.ok. Enviando a imprimir...
2026-07-06 12:08:01 - ERROR: no se puede escribir en /dev/usb/lp0 (¿impresora desconectada/apagada o sin permisos?).
2026-07-06 12:09:01 - Detectados zebra.zpl y zebra.ok. Enviando a imprimir...
2026-07-06 12:09:01 - ERROR: no se puede escribir en /dev/usb/lp0 (¿impresora desconectada/apagada o sin permisos?).
2026-07-06 12:10:01 - Detectados zebra.zpl y zebra.ok. Enviando a imprimir...
2026-07-06 12:10:01 - ERROR: no se puede escribir en /dev/usb/lp0 (¿impresora desconectada/apagada o sin permisos?).
2026-07-06 12:11:01 - Detectados zebra.zpl y zebra.ok. Enviando a imprimir...
2026-07-06 12:11:01 - ERROR: no se puede escribir en /dev/usb/lp0 (¿impresora desconectada/apagada o sin permisos?).
2026-07-06 12:12:01 - Detectados zebra.zpl y zebra.ok. Enviando a imprimir...
2026-07-06 12:12:01 - ERROR: no se puede escribir en /dev/usb/lp0 (¿impresora desconectada/apagada o sin permisos?).
2026-07-06 12:13:01 - Detectados zebra.zpl y zebra.ok. Enviando a imprimir...
2026-07-06 12:13:01 - ERROR: no se puede escribir en /dev/usb/lp0 (¿impresora desconectada/apagada o sin permisos?).
2026-07-06 12:14:01 - Detectados zebra.zpl y zebra.ok. Enviando a imprimir...
2026-07-06 12:14:01 - ERROR: no se puede escribir en /dev/usb/lp0 (¿impresora desconectada/apagada o sin permisos?).
2026-07-06 12:15:01 - Detectados zebra.zpl y zebra.ok. Enviando a imprimir...
2026-07-06 12:15:01 - ERROR: no se puede escribir en /dev/usb/lp0 (¿impresora desconectada/apagada o sin permisos?).
2026-07-06 12:16:01 - Detectados zebra.zpl y zebra.ok. Enviando a imprimir...
2026-07-06 12:16:01 - ERROR: no se puede escribir en /dev/usb/lp0 (¿impresora desconectada/apagada o sin permisos?).
2026-07-06 12:17:01 - Detectados zebra.zpl y zebra.ok. Enviando a imprimir...
2026-07-06 12:17:01 - ERROR: no se puede escribir en /dev/usb/lp0 (¿impresora desconectada/apagada o sin permisos?).
2026-07-06 12:18:01 - Detectados zebra.zpl y zebra.ok. Enviando a imprimir...
2026-07-06 12:18:01 - ERROR: no se puede escribir en /dev/usb/lp0 (¿impresora desconectada/apagada o sin permisos?).
2026-07-06 12:19:01 - Detectados zebra.zpl y zebra.ok. Enviando a imprimir...
2026-07-06 12:19:01 - ERROR: no se puede escribir en /dev/usb/lp0 (¿impresora desconectada/apagada o sin permisos?).
2026-07-06 12:20:01 - Detectados zebra.zpl y zebra.ok. Enviando a imprimir...
2026-07-06 12:20:01 - ERROR: no se puede escribir en /dev/usb/lp0 (¿impresora desconectada/apagada o sin permisos?).
2026-07-06 12:21:01 - Detectados zebra.zpl y zebra.ok. Enviando a imprimir...
2026-07-06 12:21:01 - ERROR: no se puede escribir en /dev/usb/lp0 (¿impresora desconectada/apagada o sin permisos?).
2026-07-06 12:22:01 - Detectados zebra.zpl y zebra.ok. Enviando a imprimir...
2026-07-06 12:22:01 - ERROR: no se puede escribir en /dev/usb/lp0 (¿impresora desconectada/apagada o sin permisos?).
2026-07-06 12:23:01 - Detectados zebra.zpl y zebra.ok. Enviando a imprimir...
2026-07-06 12:23:01 - ERROR: no se puede escribir en /dev/usb/lp0 (¿impresora desconectada/apagada o sin permisos?).
2026-07-06 12:24:01 - Detectados zebra.zpl y zebra.ok. Enviando a imprimir...
2026-07-06 12:24:01 - ERROR: no se puede escribir en /dev/usb/lp0 (¿impresora desconectada/apagada o sin permisos?).
2026-07-06 12:25:01 - Detectados zebra.zpl y zebra.ok. Enviando a imprimir...
2026-07-06 12:25:01 - ERROR: no se puede escribir en /dev/usb/lp0 (¿impresora desconectada/apagada o sin permisos?).
2026-07-06 12:26:01 - Detectados zebra.zpl y zebra.ok. Enviando a imprimir...
2026-07-06 12:26:01 - ERROR: no se puede escribir en /dev/usb/lp0 (¿impresora desconectada/apagada o sin permisos?).
2026-07-06 12:27:01 - Detectados zebra.zpl y zebra.ok. Enviando a imprimir...
2026-07-06 12:27:01 - ERROR: no se puede escribir en /dev/usb/lp0 (¿impresora desconectada/apagada o sin permisos?).
2026-07-06 12:28:01 - Detectados zebra.zpl y zebra.ok. Enviando a imprimir...
2026-07-06 12:28:01 - ERROR: no se puede escribir en /dev/usb/lp0 (¿impresora desconectada/apagada o sin permisos?).
2026-07-06 12:29:01 - Detectados zebra.zpl y zebra.ok. Enviando a imprimir...
2026-07-06 12:29:01 - ERROR: no se puede escribir en /dev/usb/lp0 (¿impresora desconectada/apagada o sin permisos?).
2026-07-06 12:30:01 - Detectados zebra.zpl y zebra.ok. Enviando a imprimir...
2026-07-06 12:30:01 - ERROR: no se puede escribir en /dev/usb/lp0 (¿impresora desconectada/apagada o sin permisos?).
2026-07-06 12:31:01 - Detectados zebra.zpl y zebra.ok. Enviando a imprimir...
2026-07-06 12:31:01 - ERROR: no se puede escribir en /dev/usb/lp0 (¿impresora desconectada/apagada o sin permisos?).
2026-07-06 12:32:01 - Detectados zebra.zpl y zebra.ok. Enviando a imprimir...
2026-07-06 12:32:01 - ERROR: no se puede escribir en /dev/usb/lp0 (¿impresora desconectada/apagada o sin permisos?).
2026-07-06 12:33:01 - Detectados zebra.zpl y zebra.ok. Enviando a imprimir...
2026-07-06 12:33:01 - ERROR: no se puede escribir en /dev/usb/lp0 (¿impresora desconectada/apagada o sin permisos?).
2026-07-06 12:34:01 - Detectados zebra.zpl y zebra.ok. Enviando a imprimir...
2026-07-06 12:34:01 - ERROR: no se puede escribir en /dev/usb/lp0 (¿impresora desconectada/apagada o sin permisos?).
2026-07-06 12:35:01 - Detectados zebra.zpl y zebra.ok. Enviando a imprimir...
2026-07-06 12:35:01 - ERROR: no se puede escribir en /dev/usb/lp0 (¿impresora desconectada/apagada o sin permisos?).
2026-07-06 12:36:01 - Detectados zebra.zpl y zebra.ok. Enviando a imprimir...
2026-07-06 12:36:01 - ERROR: no se puede escribir en /dev/usb/lp0 (¿impresora desconectada/apagada o sin permisos?).
2026-07-06 12:37:01 - Detectados zebra.zpl y zebra.ok. Enviando a imprimir...
2026-07-06 12:37:01 - ERROR: no se puede escribir en /dev/usb/lp0 (¿impresora desconectada/apagada o sin permisos?).
2026-07-06 12:38:01 - Detectados zebra.zpl y zebra.ok. Enviando a imprimir...
2026-07-06 12:38:01 - ERROR: no se puede escribir en /dev/usb/lp0 (¿impresora desconectada/apagada o sin permisos?).
2026-07-06 12:39:02 - Detectados zebra.zpl y zebra.ok. Enviando a imprimir...
2026-07-06 12:39:02 - ERROR: no se puede escribir en /dev/usb/lp0 (¿impresora desconectada/apagada o sin permisos?).
2026-07-06 12:40:01 - Detectados zebra.zpl y zebra.ok. Enviando a imprimir...
2026-07-06 12:40:01 - ERROR: no se puede escribir en /dev/usb/lp0 (¿impresora desconectada/apagada o sin permisos?).
2026-07-06 12:41:01 - Detectados zebra.zpl y zebra.ok. Enviando a imprimir...
2026-07-06 12:41:01 - ERROR: no se puede escribir en /dev/usb/lp0 (¿impresora desconectada/apagada o sin permisos?).
2026-07-06 12:42:01 - Detectados zebra.zpl y zebra.ok. Enviando a imprimir...
2026-07-06 12:42:01 - ERROR: no se puede escribir en /dev/usb/lp0 (¿impresora desconectada/apagada o sin permisos?).
2026-07-06 12:43:01 - Detectados zebra.zpl y zebra.ok. Enviando a imprimir...
2026-07-06 12:43:01 - ERROR: no se puede escribir en /dev/usb/lp0 (¿impresora desconectada/apagada o sin permisos?).
2026-07-06 12:44:01 - Detectados zebra.zpl y zebra.ok. Enviando a imprimir...
2026-07-06 12:44:01 - ERROR: no se puede escribir en /dev/usb/lp0 (¿impresora desconectada/apagada o sin permisos?).
2026-07-06 12:45:01 - Detectados zebra.zpl y zebra.ok. Enviando a imprimir...
2026-07-06 12:45:01 - ERROR: no se puede escribir en /dev/usb/lp0 (¿impresora desconectada/apagada o sin permisos?).
2026-07-06 12:46:01 - Detectados zebra.zpl y zebra.ok. Enviando a imprimir...
2026-07-06 12:46:01 - ERROR: no se puede escribir en /dev/usb/lp0 (¿impresora desconectada/apagada o sin permisos?).
2026-07-06 12:47:01 - Detectados zebra.zpl y zebra.ok. Enviando a imprimir...
2026-07-06 12:47:01 - ERROR: no se puede escribir en /dev/usb/lp0 (¿impresora desconectada/apagada o sin permisos?).
2026-07-06 12:48:01 - Detectados zebra.zpl y zebra.ok. Enviando a imprimir...
2026-07-06 12:48:01 - ERROR: no se puede escribir en /dev/usb/lp0 (¿impresora desconectada/apagada o sin permisos?).
2026-07-06 12:49:01 - Detectados zebra.zpl y zebra.ok. Enviando a imprimir...
2026-07-06 12:49:01 - ERROR: no se puede escribir en /dev/usb/lp0 (¿impresora desconectada/apagada o sin permisos?).
2026-07-06 12:50:01 - Detectados zebra.zpl y zebra.ok. Enviando a imprimir...
2026-07-06 12:50:01 - ERROR: no se puede escribir en /dev/usb/lp0 (¿impresora desconectada/apagada o sin permisos?).
2026-07-06 12:51:01 - Detectados zebra.zpl y zebra.ok. Enviando a imprimir...
2026-07-06 12:51:01 - ERROR: no se puede escribir en /dev/usb/lp0 (¿impresora desconectada/apagada o sin permisos?).
2026-07-06 12:52:01 - Detectados zebra.zpl y zebra.ok. Enviando a imprimir...
2026-07-06 12:52:01 - ERROR: no se puede escribir en /dev/usb/lp0 (¿impresora desconectada/apagada o sin permisos?).
2026-07-06 12:53:01 - Detectados zebra.zpl y zebra.ok. Enviando a imprimir...
2026-07-06 12:53:01 - ERROR: no se puede escribir en /dev/usb/lp0 (¿impresora desconectada/apagada o sin permisos?).
2026-07-06 12:54:01 - Detectados zebra.zpl y zebra.ok. Enviando a imprimir...
2026-07-06 12:54:01 - ERROR: no se puede escribir en /dev/usb/lp0 (¿impresora desconectada/apagada o sin permisos?).
2026-07-06 12:55:01 - Detectados zebra.zpl y zebra.ok. Enviando a imprimir...
2026-07-06 12:55:01 - ERROR: no se puede escribir en /dev/usb/lp0 (¿impresora desconectada/apagada o sin permisos?).
2026-07-06 12:56:01 - Detectados zebra.zpl y zebra.ok. Enviando a imprimir...
2026-07-06 12:56:01 - ERROR: no se puede escribir en /dev/usb/lp0 (¿impresora desconectada/apagada o sin permisos?).
2026-07-06 12:57:01 - Detectados zebra.zpl y zebra.ok. Enviando a imprimir...
2026-07-06 12:57:01 - ERROR: no se puede escribir en /dev/usb/lp0 (¿impresora desconectada/apagada o sin permisos?).
2026-07-06 12:58:01 - Detectados zebra.zpl y zebra.ok. Enviando a imprimir...
2026-07-06 12:58:01 - ERROR: no se puede escribir en /dev/usb/lp0 (¿impresora desconectada/apagada o sin permisos?).
2026-07-06 12:59:01 - Detectados zebra.zpl y zebra.ok. Enviando a imprimir...
2026-07-06 12:59:01 - ERROR: no se puede escribir en /dev/usb/lp0 (¿impresora desconectada/apagada o sin permisos?).
2026-07-06 13:00:01 - Detectados zebra.zpl y zebra.ok. Enviando a imprimir...
2026-07-06 13:00:01 - ERROR: no se puede escribir en /dev/usb/lp0 (¿impresora desconectada/apagada o sin permisos?).
2026-07-06 16:34:01 - Detectados zebra.zpl y zebra.ok. Enviando a imprimir...
2026-07-06 16:34:01 - ERROR: no se puede escribir en /dev/usb/lp0 (¿impresora desconectada/apagada o sin permisos?).
2026-07-06 16:35:01 - Detectados zebra.zpl y zebra.ok. Enviando a imprimir...
2026-07-06 16:35:01 - ERROR: no se puede escribir en /dev/usb/lp0 (¿impresora desconectada/apagada o sin permisos?).
2026-07-06 16:36:01 - Detectados zebra.zpl y zebra.ok. Enviando a imprimir...
2026-07-06 16:36:01 - ERROR: no se puede escribir en /dev/usb/lp0 (¿impresora desconectada/apagada o sin permisos?).
2026-07-06 16:37:01 - Detectados zebra.zpl y zebra.ok. Enviando a imprimir...
2026-07-06 16:37:01 - ERROR: no se puede escribir en /dev/usb/lp0 (¿impresora desconectada/apagada o sin permisos?).
2026-07-06 16:38:01 - Detectados zebra.zpl y zebra.ok. Enviando a imprimir...
2026-07-06 16:38:01 - ERROR: no se puede escribir en /dev/usb/lp0 (¿impresora desconectada/apagada o sin permisos?).
2026-07-06 16:39:01 - Detectados zebra.zpl y zebra.ok. Enviando a imprimir...
2026-07-06 16:39:01 - ERROR: no se puede escribir en /dev/usb/lp0 (¿impresora desconectada/apagada o sin permisos?).
2026-07-06 16:40:01 - Detectados zebra.zpl y zebra.ok. Enviando a imprimir...
2026-07-06 16:40:01 - ERROR: no se puede escribir en /dev/usb/lp0 (¿impresora desconectada/apagada o sin permisos?).
2026-07-06 16:41:01 - Detectados zebra.zpl y zebra.ok. Enviando a imprimir...
2026-07-06 16:41:01 - ERROR: no se puede escribir en /dev/usb/lp0 (¿impresora desconectada/apagada o sin permisos?).
2026-07-06 16:42:01 - Detectados zebra.zpl y zebra.ok. Enviando a imprimir...
2026-07-06 16:42:01 - ERROR: no se puede escribir en /dev/usb/lp0 (¿impresora desconectada/apagada o sin permisos?).
2026-07-06 16:43:01 - Detectados zebra.zpl y zebra.ok. Enviando a imprimir...
2026-07-06 16:43:01 - ERROR: no se puede escribir en /dev/usb/lp0 (¿impresora desconectada/apagada o sin permisos?).
2026-07-06 16:44:01 - Detectados zebra.zpl y zebra.ok. Enviando a imprimir...
2026-07-06 16:44:01 - ERROR: no se puede escribir en /dev/usb/lp0 (¿impresora desconectada/apagada o sin permisos?).
2026-07-06 16:45:01 - Detectados zebra.zpl y zebra.ok. Enviando a imprimir...
2026-07-06 16:45:01 - ERROR: no se puede escribir en /dev/usb/lp0 (¿impresora desconectada/apagada o sin permisos?).
2026-07-06 16:46:01 - Detectados zebra.zpl y zebra.ok. Enviando a imprimir...
2026-07-06 16:46:01 - ERROR: no se puede escribir en /dev/usb/lp0 (¿impresora desconectada/apagada o sin permisos?).
2026-07-06 16:47:01 - Detectados zebra.zpl y zebra.ok. Enviando a imprimir...
2026-07-06 16:47:01 - ERROR: no se puede escribir en /dev/usb/lp0 (¿impresora desconectada/apagada o sin permisos?).
2026-07-06 16:48:02 - Detectados zebra.zpl y zebra.ok. Enviando a imprimir...
2026-07-06 16:48:02 - ERROR: no se puede escribir en /dev/usb/lp0 (¿impresora desconectada/apagada o sin permisos?).
2026-07-06 16:49:01 - Detectados zebra.zpl y zebra.ok. Enviando a imprimir...
2026-07-06 16:49:01 - ERROR: no se puede escribir en /dev/usb/lp0 (¿impresora desconectada/apagada o sin permisos?).
2026-07-06 16:50:01 - Detectados zebra.zpl y zebra.ok. Enviando a imprimir...
2026-07-06 16:50:01 - ERROR: no se puede escribir en /dev/usb/lp0 (¿impresora desconectada/apagada o sin permisos?).
2026-07-06 16:51:01 - Detectados zebra.zpl y zebra.ok. Enviando a imprimir...
2026-07-06 16:51:01 - ERROR: no se puede escribir en /dev/usb/lp0 (¿impresora desconectada/apagada o sin permisos?).
2026-07-06 16:52:01 - Detectados zebra.zpl y zebra.ok. Enviando a imprimir...
2026-07-06 16:52:01 - ERROR: no se puede escribir en /dev/usb/lp0 (¿impresora desconectada/apagada o sin permisos?).
2026-07-06 16:53:01 - Detectados zebra.zpl y zebra.ok. Enviando a imprimir...
2026-07-06 16:53:01 - ERROR: no se puede escribir en /dev/usb/lp0 (¿impresora desconectada/apagada o sin permisos?).
2026-07-06 16:54:01 - Detectados zebra.zpl y zebra.ok. Enviando a imprimir...
2026-07-06 16:54:01 - ERROR: no se puede escribir en /dev/usb/lp0 (¿impresora desconectada/apagada o sin permisos?).
2026-07-06 16:55:01 - Detectados zebra.zpl y zebra.ok. Enviando a imprimir...
2026-07-06 16:55:01 - ERROR: no se puede escribir en /dev/usb/lp0 (¿impresora desconectada/apagada o sin permisos?).
2026-07-06 16:56:01 - Detectados zebra.zpl y zebra.ok. Enviando a imprimir...
2026-07-06 16:56:01 - ERROR: no se puede escribir en /dev/usb/lp0 (¿impresora desconectada/apagada o sin permisos?).
2026-07-06 16:57:01 - Detectados zebra.zpl y zebra.ok. Enviando a imprimir...
2026-07-06 16:57:01 - ERROR: no se puede escribir en /dev/usb/lp0 (¿impresora desconectada/apagada o sin permisos?).
2026-07-06 16:58:01 - Detectados zebra.zpl y zebra.ok. Enviando a imprimir...
2026-07-06 16:58:01 - ERROR: no se puede escribir en /dev/usb/lp0 (¿impresora desconectada/apagada o sin permisos?).
2026-07-06 16:59:01 - Detectados zebra.zpl y zebra.ok. Enviando a imprimir...
2026-07-06 16:59:01 - ERROR: no se puede escribir en /dev/usb/lp0 (¿impresora desconectada/apagada o sin permisos?).
2026-07-06 17:00:01 - Detectados zebra.zpl y zebra.ok. Enviando a imprimir...
2026-07-06 17:00:01 - ERROR: no se puede escribir en /dev/usb/lp0 (¿impresora desconectada/apagada o sin permisos?).
2026-07-06 17:01:01 - Detectados zebra.zpl y zebra.ok. Enviando a imprimir...
2026-07-06 17:01:01 - ERROR: no se puede escribir en /dev/usb/lp0 (¿impresora desconectada/apagada o sin permisos?).
2026-07-06 17:02:01 - Detectados zebra.zpl y zebra.ok. Enviando a imprimir...
2026-07-06 17:02:01 - ERROR: no se puede escribir en /dev/usb/lp0 (¿impresora desconectada/apagada o sin permisos?).
2026-07-06 17:03:01 - Detectados zebra.zpl y zebra.ok. Enviando a imprimir...
2026-07-06 17:03:01 - ERROR: no se puede escribir en /dev/usb/lp0 (¿impresora desconectada/apagada o sin permisos?).
2026-07-06 17:04:01 - Detectados zebra.zpl y zebra.ok. Enviando a imprimir...
2026-07-06 17:04:01 - ERROR: no se puede escribir en /dev/usb/lp0 (¿impresora desconectada/apagada o sin permisos?).
2026-07-06 17:05:01 - Detectados zebra.zpl y zebra.ok. Enviando a imprimir...
2026-07-06 17:05:01 - ERROR: no se puede escribir en /dev/usb/lp0 (¿impresora desconectada/apagada o sin permisos?).
2026-07-06 17:06:01 - Detectados zebra.zpl y zebra.ok. Enviando a imprimir...
2026-07-06 17:06:01 - ERROR: no se puede escribir en /dev/usb/lp0 (¿impresora desconectada/apagada o sin permisos?).
2026-07-06 17:07:01 - Detectados zebra.zpl y zebra.ok. Enviando a imprimir...
2026-07-06 17:07:01 - ERROR: no se puede escribir en /dev/usb/lp0 (¿impresora desconectada/apagada o sin permisos?).
2026-07-06 17:08:01 - Detectados zebra.zpl y zebra.ok. Enviando a imprimir...
2026-07-06 17:08:01 - ERROR: no se puede escribir en /dev/usb/lp0 (¿impresora desconectada/apagada o sin permisos?).
2026-07-06 17:09:01 - Detectados zebra.zpl y zebra.ok. Enviando a imprimir...
2026-07-06 17:09:01 - ERROR: no se puede escribir en /dev/usb/lp0 (¿impresora desconectada/apagada o sin permisos?).
2026-07-06 17:10:01 - Detectados zebra.zpl y zebra.ok. Enviando a imprimir...
2026-07-06 17:10:01 - ERROR: no se puede escribir en /dev/usb/lp0 (¿impresora desconectada/apagada o sin permisos?).
2026-07-06 17:11:01 - Detectados zebra.zpl y zebra.ok. Enviando a imprimir...
2026-07-06 17:11:01 - ERROR: no se puede escribir en /dev/usb/lp0 (¿impresora desconectada/apagada o sin permisos?).
2026-07-06 17:12:01 - Detectados zebra.zpl y zebra.ok. Enviando a imprimir...
2026-07-06 17:12:01 - ERROR: no se puede escribir en /dev/usb/lp0 (¿impresora desconectada/apagada o sin permisos?).
2026-07-06 17:13:01 - Detectados zebra.zpl y zebra.ok. Enviando a imprimir...
2026-07-06 17:13:01 - ERROR: no se puede escribir en /dev/usb/lp0 (¿impresora desconectada/apagada o sin permisos?).
2026-07-06 17:14:01 - Detectados zebra.zpl y zebra.ok. Enviando a imprimir...
2026-07-06 17:14:01 - ERROR: no se puede escribir en /dev/usb/lp0 (¿impresora desconectada/apagada o sin permisos?).
2026-07-06 17:15:01 - Detectados zebra.zpl y zebra.ok. Enviando a imprimir...
2026-07-06 17:15:01 - ERROR: no se puede escribir en /dev/usb/lp0 (¿impresora desconectada/apagada o sin permisos?).
2026-07-06 17:16:01 - Detectados zebra.zpl y zebra.ok. Enviando a imprimir...
2026-07-06 17:16:01 - ERROR: no se puede escribir en /dev/usb/lp0 (¿impresora desconectada/apagada o sin permisos?).
2026-07-06 17:17:01 - Detectados zebra.zpl y zebra.ok. Enviando a imprimir...
2026-07-06 17:17:01 - ERROR: no se puede escribir en /dev/usb/lp0 (¿impresora desconectada/apagada o sin permisos?).
2026-07-06 17:18:01 - Detectados zebra.zpl y zebra.ok. Enviando a imprimir...
2026-07-06 17:18:01 - ERROR: no se puede escribir en /dev/usb/lp0 (¿impresora desconectada/apagada o sin permisos?).
2026-07-06 17:19:01 - Detectados zebra.zpl y zebra.ok. Enviando a imprimir...
2026-07-06 17:19:01 - ERROR: no se puede escribir en /dev/usb/lp0 (¿impresora desconectada/apagada o sin permisos?).
2026-07-06 17:20:01 - Detectados zebra.zpl y zebra.ok. Enviando a imprimir...
2026-07-06 17:20:01 - ERROR: no se puede escribir en /dev/usb/lp0 (¿impresora desconectada/apagada o sin permisos?).
2026-07-06 17:21:01 - Detectados zebra.zpl y zebra.ok. Enviando a imprimir...
2026-07-06 17:21:01 - ERROR: no se puede escribir en /dev/usb/lp0 (¿impresora desconectada/apagada o sin permisos?).
2026-07-06 17:22:01 - Detectados zebra.zpl y zebra.ok. Enviando a imprimir...
2026-07-06 17:22:01 - ERROR: no se puede escribir en /dev/usb/lp0 (¿impresora desconectada/apagada o sin permisos?).
2026-07-06 17:23:01 - Detectados zebra.zpl y zebra.ok. Enviando a imprimir...
2026-07-06 17:23:01 - ERROR: no se puede escribir en /dev/usb/lp0 (¿impresora desconectada/apagada o sin permisos?).
2026-07-06 17:24:01 - Detectados zebra.zpl y zebra.ok. Enviando a imprimir...
2026-07-06 17:24:01 - ERROR: no se puede escribir en /dev/usb/lp0 (¿impresora desconectada/apagada o sin permisos?).
2026-07-06 17:25:01 - Detectados zebra.zpl y zebra.ok. Enviando a imprimir...
2026-07-06 17:25:01 - ERROR: no se puede escribir en /dev/usb/lp0 (¿impresora desconectada/apagada o sin permisos?).
2026-07-06 17:26:01 - Detectados zebra.zpl y zebra.ok. Enviando a imprimir...
2026-07-06 17:26:01 - ERROR: no se puede escribir en /dev/usb/lp0 (¿impresora desconectada/apagada o sin permisos?).
2026-07-06 17:27:01 - Detectados zebra.zpl y zebra.ok. Enviando a imprimir...
2026-07-06 17:27:01 - ERROR: no se puede escribir en /dev/usb/lp0 (¿impresora desconectada/apagada o sin permisos?).
2026-07-06 17:28:01 - Detectados zebra.zpl y zebra.ok. Enviando a imprimir...
2026-07-06 17:28:01 - ERROR: no se puede escribir en /dev/usb/lp0 (¿impresora desconectada/apagada o sin permisos?).
2026-07-06 17:29:01 - Detectados zebra.zpl y zebra.ok. Enviando a imprimir...
2026-07-06 17:29:01 - ERROR: no se puede escribir en /dev/usb/lp0 (¿impresora desconectada/apagada o sin permisos?).
2026-07-06 17:30:01 - Detectados zebra.zpl y zebra.ok. Enviando a imprimir...
2026-07-06 17:30:01 - ERROR: no se puede escribir en /dev/usb/lp0 (¿impresora desconectada/apagada o sin permisos?).
2026-07-06 17:31:01 - Detectados zebra.zpl y zebra.ok. Enviando a imprimir...
2026-07-06 17:31:01 - ERROR: no se puede escribir en /dev/usb/lp0 (¿impresora desconectada/apagada o sin permisos?).
2026-07-06 17:32:02 - Detectados zebra.zpl y zebra.ok. Enviando a imprimir...
2026-07-06 17:32:02 - ERROR: no se puede escribir en /dev/usb/lp0 (¿impresora desconectada/apagada o sin permisos?).
2026-07-06 17:33:01 - Detectados zebra.zpl y zebra.ok. Enviando a imprimir...
2026-07-06 17:33:01 - ERROR: no se puede escribir en /dev/usb/lp0 (¿impresora desconectada/apagada o sin permisos?).
2026-07-06 17:34:01 - Detectados zebra.zpl y zebra.ok. Enviando a imprimir...
2026-07-06 17:34:01 - ERROR: no se puede escribir en /dev/usb/lp0 (¿impresora desconectada/apagada o sin permisos?).
2026-07-06 17:35:01 - Detectados zebra.zpl y zebra.ok. Enviando a imprimir...
2026-07-06 17:35:01 - ERROR: no se puede escribir en /dev/usb/lp0 (¿impresora desconectada/apagada o sin permisos?).
2026-07-06 17:36:01 - Detectados zebra.zpl y zebra.ok. Enviando a imprimir...
2026-07-06 17:36:01 - ERROR: no se puede escribir en /dev/usb/lp0 (¿impresora desconectada/apagada o sin permisos?).
2026-07-06 17:37:01 - Detectados zebra.zpl y zebra.ok. Enviando a imprimir...
2026-07-06 17:37:01 - ERROR: no se puede escribir en /dev/usb/lp0 (¿impresora desconectada/apagada o sin permisos?).
2026-07-06 17:38:01 - Detectados zebra.zpl y zebra.ok. Enviando a imprimir...
2026-07-06 17:38:01 - ERROR: no se puede escribir en /dev/usb/lp0 (¿impresora desconectada/apagada o sin permisos?).
2026-07-06 17:39:01 - Detectados zebra.zpl y zebra.ok. Enviando a imprimir...
2026-07-06 17:39:01 - ERROR: no se puede escribir en /dev/usb/lp0 (¿impresora desconectada/apagada o sin permisos?).
2026-07-06 17:40:01 - Detectados zebra.zpl y zebra.ok. Enviando a imprimir...
2026-07-06 17:40:01 - ERROR: no se puede escribir en /dev/usb/lp0 (¿impresora desconectada/apagada o sin permisos?).
2026-07-06 17:41:01 - Detectados zebra.zpl y zebra.ok. Enviando a imprimir...
2026-07-06 17:41:01 - ERROR: no se puede escribir en /dev/usb/lp0 (¿impresora desconectada/apagada o sin permisos?).
2026-07-06 17:42:01 - Detectados zebra.zpl y zebra.ok. Enviando a imprimir...
2026-07-06 17:42:01 - ERROR: no se puede escribir en /dev/usb/lp0 (¿impresora desconectada/apagada o sin permisos?).
2026-07-06 17:43:01 - Detectados zebra.zpl y zebra.ok. Enviando a imprimir...
2026-07-06 17:43:01 - ERROR: no se puede escribir en /dev/usb/lp0 (¿impresora desconectada/apagada o sin permisos?).
2026-07-06 17:44:01 - Detectados zebra.zpl y zebra.ok. Enviando a imprimir...
2026-07-06 17:44:01 - ERROR: no se puede escribir en /dev/usb/lp0 (¿impresora desconectada/apagada o sin permisos?).
2026-07-06 17:45:01 - Detectados zebra.zpl y zebra.ok. Enviando a imprimir...
2026-07-06 17:45:01 - ERROR: no se puede escribir en /dev/usb/lp0 (¿impresora desconectada/apagada o sin permisos?).
2026-07-06 17:46:01 - Detectados zebra.zpl y zebra.ok. Enviando a imprimir...
2026-07-06 17:46:01 - ERROR: no se puede escribir en /dev/usb/lp0 (¿impresora desconectada/apagada o sin permisos?).
2026-07-06 17:47:01 - Detectados zebra.zpl y zebra.ok. Enviando a imprimir...
2026-07-06 17:47:01 - ERROR: no se puede escribir en /dev/usb/lp0 (¿impresora desconectada/apagada o sin permisos?).
2026-07-06 17:48:01 - Detectados zebra.zpl y zebra.ok. Enviando a imprimir...
2026-07-06 17:48:01 - ERROR: no se puede escribir en /dev/usb/lp0 (¿impresora desconectada/apagada o sin permisos?).
2026-07-06 17:49:01 - Detectados zebra.zpl y zebra.ok. Enviando a imprimir...
2026-07-06 17:49:01 - ERROR: no se puede escribir en /dev/usb/lp0 (¿impresora desconectada/apagada o sin permisos?).
2026-07-06 17:50:01 - Detectados zebra.zpl y zebra.ok. Enviando a imprimir...
2026-07-06 17:50:01 - ERROR: no se puede escribir en /dev/usb/lp0 (¿impresora desconectada/apagada o sin permisos?).
2026-07-06 17:51:01 - Detectados zebra.zpl y zebra.ok. Enviando a imprimir...
2026-07-06 17:51:01 - ERROR: no se puede escribir en /dev/usb/lp0 (¿impresora desconectada/apagada o sin permisos?).
2026-07-06 17:52:01 - Detectados zebra.zpl y zebra.ok. Enviando a imprimir...
2026-07-06 17:52:01 - ERROR: no se puede escribir en /dev/usb/lp0 (¿impresora desconectada/apagada o sin permisos?).
2026-07-06 17:53:01 - Detectados zebra.zpl y zebra.ok. Enviando a imprimir...
2026-07-06 17:53:01 - ERROR: no se puede escribir en /dev/usb/lp0 (¿impresora desconectada/apagada o sin permisos?).
2026-07-06 17:54:01 - Detectados zebra.zpl y zebra.ok. Enviando a imprimir...
2026-07-06 17:54:01 - ERROR: no se puede escribir en /dev/usb/lp0 (¿impresora desconectada/apagada o sin permisos?).
2026-07-06 17:55:01 - Detectados zebra.zpl y zebra.ok. Enviando a imprimir...
2026-07-06 17:55:01 - ERROR: no se puede escribir en /dev/usb/lp0 (¿impresora desconectada/apagada o sin permisos?).
2026-07-06 17:56:01 - Detectados zebra.zpl y zebra.ok. Enviando a imprimir...
2026-07-06 17:56:01 - ERROR: no se puede escribir en /dev/usb/lp0 (¿impresora desconectada/apagada o sin permisos?).
2026-07-06 17:57:01 - Detectados zebra.zpl y zebra.ok. Enviando a imprimir...
2026-07-06 17:57:01 - ERROR: no se puede escribir en /dev/usb/lp0 (¿impresora desconectada/apagada o sin permisos?).
2026-07-06 17:58:01 - Detectados zebra.zpl y zebra.ok. Enviando a imprimir...
2026-07-06 17:58:01 - ERROR: no se puede escribir en /dev/usb/lp0 (¿impresora desconectada/apagada o sin permisos?).
2026-07-06 17:59:01 - Detectados zebra.zpl y zebra.ok. Enviando a imprimir...
2026-07-06 17:59:01 - ERROR: no se puede escribir en /dev/usb/lp0 (¿impresora desconectada/apagada o sin permisos?).
2026-07-06 18:00:01 - Detectados zebra.zpl y zebra.ok. Enviando a imprimir...
2026-07-06 18:00:01 - ERROR: no se puede escribir en /dev/usb/lp0 (¿impresora desconectada/apagada o sin permisos?).
2026-07-06 18:01:01 - Detectados zebra.zpl y zebra.ok. Enviando a imprimir...
2026-07-06 18:01:01 - ERROR: no se puede escribir en /dev/usb/lp0 (¿impresora desconectada/apagada o sin permisos?).
2026-07-06 18:02:01 - Detectados zebra.zpl y zebra.ok. Enviando a imprimir...
2026-07-06 18:02:01 - ERROR: no se puede escribir en /dev/usb/lp0 (¿impresora desconectada/apagada o sin permisos?).
2026-07-06 18:03:01 - Detectados zebra.zpl y zebra.ok. Enviando a imprimir...
2026-07-06 18:03:01 - ERROR: no se puede escribir en /dev/usb/lp0 (¿impresora desconectada/apagada o sin permisos?).
2026-07-06 18:04:01 - Detectados zebra.zpl y zebra.ok. Enviando a imprimir...
2026-07-06 18:04:01 - ERROR: no se puede escribir en /dev/usb/lp0 (¿impresora desconectada/apagada o sin permisos?).
2026-07-06 18:05:01 - Detectados zebra.zpl y zebra.ok. Enviando a imprimir...
2026-07-06 18:05:01 - ERROR: no se puede escribir en /dev/usb/lp0 (¿impresora desconectada/apagada o sin permisos?).
2026-07-06 18:06:01 - Detectados zebra.zpl y zebra.ok. Enviando a imprimir...
2026-07-06 18:06:01 - ERROR: no se puede escribir en /dev/usb/lp0 (¿impresora desconectada/apagada o sin permisos?).
2026-07-06 18:07:01 - Detectados zebra.zpl y zebra.ok. Enviando a imprimir...
2026-07-06 18:07:01 - ERROR: no se puede escribir en /dev/usb/lp0 (¿impresora desconectada/apagada o sin permisos?).
2026-07-06 18:08:01 - Detectados zebra.zpl y zebra.ok. Enviando a imprimir...
2026-07-06 18:08:01 - ERROR: no se puede escribir en /dev/usb/lp0 (¿impresora desconectada/apagada o sin permisos?).
2026-07-06 18:09:01 - Detectados zebra.zpl y zebra.ok. Enviando a imprimir...
2026-07-06 18:09:01 - ERROR: no se puede escribir en /dev/usb/lp0 (¿impresora desconectada/apagada o sin permisos?).
2026-07-06 18:10:01 - Detectados zebra.zpl y zebra.ok. Enviando a imprimir...
2026-07-06 18:10:01 - ERROR: no se puede escribir en /dev/usb/lp0 (¿impresora desconectada/apagada o sin permisos?).
2026-07-06 18:11:01 - Detectados zebra.zpl y zebra.ok. Enviando a imprimir...
2026-07-06 18:11:01 - ERROR: no se puede escribir en /dev/usb/lp0 (¿impresora desconectada/apagada o sin permisos?).
2026-07-06 18:12:01 - Detectados zebra.zpl y zebra.ok. Enviando a imprimir...
2026-07-06 18:12:01 - ERROR: no se puede escribir en /dev/usb/lp0 (¿impresora desconectada/apagada o sin permisos?).
2026-07-06 18:13:01 - Detectados zebra.zpl y zebra.ok. Enviando a imprimir...
2026-07-06 18:13:01 - ERROR: no se puede escribir en /dev/usb/lp0 (¿impresora desconectada/apagada o sin permisos?).
2026-07-06 18:14:01 - Detectados zebra.zpl y zebra.ok. Enviando a imprimir...
2026-07-06 18:14:01 - ERROR: no se puede escribir en /dev/usb/lp0 (¿impresora desconectada/apagada o sin permisos?).
2026-07-06 18:15:02 - Detectados zebra.zpl y zebra.ok. Enviando a imprimir...
2026-07-06 18:15:02 - ERROR: no se puede escribir en /dev/usb/lp0 (¿impresora desconectada/apagada o sin permisos?).
2026-07-06 18:16:01 - Detectados zebra.zpl y zebra.ok. Enviando a imprimir...
2026-07-06 18:16:01 - ERROR: no se puede escribir en /dev/usb/lp0 (¿impresora desconectada/apagada o sin permisos?).
2026-07-06 18:17:01 - Detectados zebra.zpl y zebra.ok. Enviando a imprimir...
2026-07-06 18:17:01 - ERROR: no se puede escribir en /dev/usb/lp0 (¿impresora desconectada/apagada o sin permisos?).
2026-07-06 18:18:01 - Detectados zebra.zpl y zebra.ok. Enviando a imprimir...
2026-07-06 18:18:01 - ERROR: no se puede escribir en /dev/usb/lp0 (¿impresora desconectada/apagada o sin permisos?).
2026-07-06 18:19:01 - Detectados zebra.zpl y zebra.ok. Enviando a imprimir...
2026-07-06 18:19:01 - ERROR: no se puede escribir en /dev/usb/lp0 (¿impresora desconectada/apagada o sin permisos?).
2026-07-06 18:20:01 - Detectados zebra.zpl y zebra.ok. Enviando a imprimir...
2026-07-06 18:20:01 - ERROR: no se puede escribir en /dev/usb/lp0 (¿impresora desconectada/apagada o sin permisos?).
2026-07-06 18:21:01 - Detectados zebra.zpl y zebra.ok. Enviando a imprimir...
2026-07-06 18:21:01 - ERROR: no se puede escribir en /dev/usb/lp0 (¿impresora desconectada/apagada o sin permisos?).
2026-07-06 18:22:01 - Detectados zebra.zpl y zebra.ok. Enviando a imprimir...
2026-07-06 18:22:01 - ERROR: no se puede escribir en /dev/usb/lp0 (¿impresora desconectada/apagada o sin permisos?).
2026-07-06 18:23:01 - Detectados zebra.zpl y zebra.ok. Enviando a imprimir...
2026-07-06 18:23:01 - ERROR: no se puede escribir en /dev/usb/lp0 (¿impresora desconectada/apagada o sin permisos?).
2026-07-06 18:24:01 - Detectados zebra.zpl y zebra.ok. Enviando a imprimir...
2026-07-06 18:24:01 - ERROR: no se puede escribir en /dev/usb/lp0 (¿impresora desconectada/apagada o sin permisos?).
2026-07-06 18:25:01 - Detectados zebra.zpl y zebra.ok. Enviando a imprimir...
2026-07-06 18:25:01 - ERROR: no se puede escribir en /dev/usb/lp0 (¿impresora desconectada/apagada o sin permisos?).
2026-07-06 18:26:01 - Detectados zebra.zpl y zebra.ok. Enviando a imprimir...
2026-07-06 18:26:01 - ERROR: no se puede escribir en /dev/usb/lp0 (¿impresora desconectada/apagada o sin permisos?).
2026-07-06 18:27:01 - Detectados zebra.zpl y zebra.ok. Enviando a imprimir...
2026-07-06 18:27:01 - ERROR: no se puede escribir en /dev/usb/lp0 (¿impresora desconectada/apagada o sin permisos?).
2026-07-06 18:28:01 - Detectados zebra.zpl y zebra.ok. Enviando a imprimir...
2026-07-06 18:28:01 - ERROR: no se puede escribir en /dev/usb/lp0 (¿impresora desconectada/apagada o sin permisos?).
2026-07-06 18:29:01 - Detectados zebra.zpl y zebra.ok. Enviando a imprimir...
2026-07-06 18:29:01 - ERROR: no se puede escribir en /dev/usb/lp0 (¿impresora desconectada/apagada o sin permisos?).
2026-07-06 18:30:01 - Detectados zebra.zpl y zebra.ok. Enviando a imprimir...
2026-07-06 18:30:01 - ERROR: no se puede escribir en /dev/usb/lp0 (¿impresora desconectada/apagada o sin permisos?).
2026-07-06 18:31:01 - Detectados zebra.zpl y zebra.ok. Enviando a imprimir...
2026-07-06 18:31:01 - ERROR: no se puede escribir en /dev/usb/lp0 (¿impresora desconectada/apagada o sin permisos?).
2026-07-06 18:32:01 - Detectados zebra.zpl y zebra.ok. Enviando a imprimir...
2026-07-06 18:32:01 - ERROR: no se puede escribir en /dev/usb/lp0 (¿impresora desconectada/apagada o sin permisos?).
2026-07-06 18:33:01 - Detectados zebra.zpl y zebra.ok. Enviando a imprimir...
2026-07-06 18:33:01 - ERROR: no se puede escribir en /dev/usb/lp0 (¿impresora desconectada/apagada o sin permisos?).
2026-07-06 18:34:01 - Detectados zebra.zpl y zebra.ok. Enviando a imprimir...
2026-07-06 18:34:01 - ERROR: no se puede escribir en /dev/usb/lp0 (¿impresora desconectada/apagada o sin permisos?).
2026-07-06 18:35:01 - Detectados zebra.zpl y zebra.ok. Enviando a imprimir...
2026-07-06 18:35:01 - ERROR: no se puede escribir en /dev/usb/lp0 (¿impresora desconectada/apagada o sin permisos?).
2026-07-06 18:36:01 - Detectados zebra.zpl y zebra.ok. Enviando a imprimir...
2026-07-06 18:36:01 - ERROR: no se puede escribir en /dev/usb/lp0 (¿impresora desconectada/apagada o sin permisos?).
2026-07-06 18:37:01 - Detectados zebra.zpl y zebra.ok. Enviando a imprimir...
2026-07-06 18:37:01 - ERROR: no se puede escribir en /dev/usb/lp0 (¿impresora desconectada/apagada o sin permisos?).
2026-07-06 18:38:01 - Detectados zebra.zpl y zebra.ok. Enviando a imprimir...
2026-07-06 18:38:01 - ERROR: no se puede escribir en /dev/usb/lp0 (¿impresora desconectada/apagada o sin permisos?).
2026-07-06 18:39:01 - Detectados zebra.zpl y zebra.ok. Enviando a imprimir...
2026-07-06 18:39:01 - ERROR: no se puede escribir en /dev/usb/lp0 (¿impresora desconectada/apagada o sin permisos?).
2026-07-06 18:40:01 - Detectados zebra.zpl y zebra.ok. Enviando a imprimir...
2026-07-06 18:40:01 - ERROR: no se puede escribir en /dev/usb/lp0 (¿impresora desconectada/apagada o sin permisos?).
2026-07-06 18:41:01 - Detectados zebra.zpl y zebra.ok. Enviando a imprimir...
2026-07-06 18:41:01 - ERROR: no se puede escribir en /dev/usb/lp0 (¿impresora desconectada/apagada o sin permisos?).
2026-07-06 18:42:01 - Detectados zebra.zpl y zebra.ok. Enviando a imprimir...
2026-07-06 18:42:01 - ERROR: no se puede escribir en /dev/usb/lp0 (¿impresora desconectada/apagada o sin permisos?).
2026-07-06 18:43:01 - Detectados zebra.zpl y zebra.ok. Enviando a imprimir...
2026-07-06 18:43:01 - ERROR: no se puede escribir en /dev/usb/lp0 (¿impresora desconectada/apagada o sin permisos?).
2026-07-06 18:44:01 - Detectados zebra.zpl y zebra.ok. Enviando a imprimir...
2026-07-06 18:44:01 - ERROR: no se puede escribir en /dev/usb/lp0 (¿impresora desconectada/apagada o sin permisos?).
2026-07-06 18:45:01 - Detectados zebra.zpl y zebra.ok. Enviando a imprimir...
2026-07-06 18:45:01 - ERROR: no se puede escribir en /dev/usb/lp0 (¿impresora desconectada/apagada o sin permisos?).
2026-07-06 18:46:01 - Detectados zebra.zpl y zebra.ok. Enviando a imprimir...
2026-07-06 18:46:01 - ERROR: no se puede escribir en /dev/usb/lp0 (¿impresora desconectada/apagada o sin permisos?).
2026-07-06 18:47:01 - Detectados zebra.zpl y zebra.ok. Enviando a imprimir...
2026-07-06 18:47:01 - ERROR: no se puede escribir en /dev/usb/lp0 (¿impresora desconectada/apagada o sin permisos?).
2026-07-06 18:48:01 - Detectados zebra.zpl y zebra.ok. Enviando a imprimir...
2026-07-06 18:48:01 - ERROR: no se puede escribir en /dev/usb/lp0 (¿impresora desconectada/apagada o sin permisos?).
2026-07-06 18:49:01 - Detectados zebra.zpl y zebra.ok. Enviando a imprimir...
2026-07-06 18:49:01 - ERROR: no se puede escribir en /dev/usb/lp0 (¿impresora desconectada/apagada o sin permisos?).
2026-07-06 18:50:01 - Detectados zebra.zpl y zebra.ok. Enviando a imprimir...
2026-07-06 18:50:01 - ERROR: no se puede escribir en /dev/usb/lp0 (¿impresora desconectada/apagada o sin permisos?).
2026-07-06 18:51:01 - Detectados zebra.zpl y zebra.ok. Enviando a imprimir...
2026-07-06 18:51:01 - ERROR: no se puede escribir en /dev/usb/lp0 (¿impresora desconectada/apagada o sin permisos?).
2026-07-06 18:52:02 - Detectados zebra.zpl y zebra.ok. Enviando a imprimir...
2026-07-06 18:52:02 - ERROR: no se puede escribir en /dev/usb/lp0 (¿impresora desconectada/apagada o sin permisos?).
2026-07-06 18:53:01 - Detectados zebra.zpl y zebra.ok. Enviando a imprimir...
2026-07-06 18:53:01 - ERROR: no se puede escribir en /dev/usb/lp0 (¿impresora desconectada/apagada o sin permisos?).
2026-07-06 18:54:01 - Detectados zebra.zpl y zebra.ok. Enviando a imprimir...
2026-07-06 18:54:01 - ERROR: no se puede escribir en /dev/usb/lp0 (¿impresora desconectada/apagada o sin permisos?).
2026-07-06 18:55:01 - Detectados zebra.zpl y zebra.ok. Enviando a imprimir...
2026-07-06 18:55:01 - ERROR: no se puede escribir en /dev/usb/lp0 (¿impresora desconectada/apagada o sin permisos?).
2026-07-06 18:56:01 - Detectados zebra.zpl y zebra.ok. Enviando a imprimir...
2026-07-06 18:56:01 - ERROR: no se puede escribir en /dev/usb/lp0 (¿impresora desconectada/apagada o sin permisos?).
2026-07-06 18:57:01 - Detectados zebra.zpl y zebra.ok. Enviando a imprimir...
2026-07-06 18:57:01 - ERROR: no se puede escribir en /dev/usb/lp0 (¿impresora desconectada/apagada o sin permisos?).
2026-07-06 18:58:01 - Detectados zebra.zpl y zebra.ok. Enviando a imprimir...
2026-07-06 18:58:01 - ERROR: no se puede escribir en /dev/usb/lp0 (¿impresora desconectada/apagada o sin permisos?).
2026-07-06 18:59:01 - Detectados zebra.zpl y zebra.ok. Enviando a imprimir...
2026-07-06 18:59:01 - ERROR: no se puede escribir en /dev/usb/lp0 (¿impresora desconectada/apagada o sin permisos?).
2026-07-06 19:00:01 - Detectados zebra.zpl y zebra.ok. Enviando a imprimir...
2026-07-06 19:00:01 - ERROR: no se puede escribir en /dev/usb/lp0 (¿impresora desconectada/apagada o sin permisos?).
2026-07-06 19:01:01 - Detectados zebra.zpl y zebra.ok. Enviando a imprimir...
2026-07-06 19:01:01 - ERROR: no se puede escribir en /dev/usb/lp0 (¿impresora desconectada/apagada o sin permisos?).
2026-07-06 19:02:01 - Detectados zebra.zpl y zebra.ok. Enviando a imprimir...
2026-07-06 19:02:01 - ERROR: no se puede escribir en /dev/usb/lp0 (¿impresora desconectada/apagada o sin permisos?).
2026-07-06 19:03:01 - Detectados zebra.zpl y zebra.ok. Enviando a imprimir...
2026-07-06 19:03:01 - ERROR: no se puede escribir en /dev/usb/lp0 (¿impresora desconectada/apagada o sin permisos?).
2026-07-06 19:04:01 - Detectados zebra.zpl y zebra.ok. Enviando a imprimir...
2026-07-06 19:04:01 - ERROR: no se puede escribir en /dev/usb/lp0 (¿impresora desconectada/apagada o sin permisos?).
2026-07-06 19:05:01 - Detectados zebra.zpl y zebra.ok. Enviando a imprimir...
2026-07-06 19:05:01 - ERROR: no se puede escribir en /dev/usb/lp0 (¿impresora desconectada/apagada o sin permisos?).
2026-07-06 19:06:01 - Detectados zebra.zpl y zebra.ok. Enviando a imprimir...
2026-07-06 19:06:01 - ERROR: no se puede escribir en /dev/usb/lp0 (¿impresora desconectada/apagada o sin permisos?).
2026-07-06 19:07:01 - Detectados zebra.zpl y zebra.ok. Enviando a imprimir...
2026-07-06 19:07:01 - ERROR: no se puede escribir en /dev/usb/lp0 (¿impresora desconectada/apagada o sin permisos?).
2026-07-06 19:08:01 - Detectados zebra.zpl y zebra.ok. Enviando a imprimir...
2026-07-06 19:08:01 - ERROR: no se puede escribir en /dev/usb/lp0 (¿impresora desconectada/apagada o sin permisos?).
2026-07-06 19:09:01 - Detectados zebra.zpl y zebra.ok. Enviando a imprimir...
2026-07-06 19:09:01 - ERROR: no se puede escribir en /dev/usb/lp0 (¿impresora desconectada/apagada o sin permisos?).
2026-07-06 19:10:01 - Detectados zebra.zpl y zebra.ok. Enviando a imprimir...
2026-07-06 19:10:01 - ERROR: no se puede escribir en /dev/usb/lp0 (¿impresora desconectada/apagada o sin permisos?).
2026-07-06 19:11:01 - Detectados zebra.zpl y zebra.ok. Enviando a imprimir...
2026-07-06 19:11:01 - ERROR: no se puede escribir en /dev/usb/lp0 (¿impresora desconectada/apagada o sin permisos?).
2026-07-06 19:12:01 - Detectados zebra.zpl y zebra.ok. Enviando a imprimir...
2026-07-06 19:12:01 - ERROR: no se puede escribir en /dev/usb/lp0 (¿impresora desconectada/apagada o sin permisos?).
2026-07-06 19:13:01 - Detectados zebra.zpl y zebra.ok. Enviando a imprimir...
2026-07-06 19:13:01 - ERROR: no se puede escribir en /dev/usb/lp0 (¿impresora desconectada/apagada o sin permisos?).
2026-07-06 19:14:01 - Detectados zebra.zpl y zebra.ok. Enviando a imprimir...
2026-07-06 19:14:01 - ERROR: no se puede escribir en /dev/usb/lp0 (¿impresora desconectada/apagada o sin permisos?).
2026-07-06 19:15:01 - Detectados zebra.zpl y zebra.ok. Enviando a imprimir...
2026-07-06 19:15:01 - ERROR: no se puede escribir en /dev/usb/lp0 (¿impresora desconectada/apagada o sin permisos?).
2026-07-06 19:16:01 - Detectados zebra.zpl y zebra.ok. Enviando a imprimir...
2026-07-06 19:16:01 - ERROR: no se puede escribir en /dev/usb/lp0 (¿impresora desconectada/apagada o sin permisos?).
2026-07-06 19:17:01 - Detectados zebra.zpl y zebra.ok. Enviando a imprimir...
2026-07-06 19:17:01 - ERROR: no se puede escribir en /dev/usb/lp0 (¿impresora desconectada/apagada o sin permisos?).
2026-07-06 19:18:01 - Detectados zebra.zpl y zebra.ok. Enviando a imprimir...
2026-07-06 19:18:01 - ERROR: no se puede escribir en /dev/usb/lp0 (¿impresora desconectada/apagada o sin permisos?).
2026-07-06 19:19:01 - Detectados zebra.zpl y zebra.ok. Enviando a imprimir...
2026-07-06 19:19:01 - ERROR: no se puede escribir en /dev/usb/lp0 (¿impresora desconectada/apagada o sin permisos?).
2026-07-06 19:20:01 - Detectados zebra.zpl y zebra.ok. Enviando a imprimir...
2026-07-06 19:20:01 - ERROR: no se puede escribir en /dev/usb/lp0 (¿impresora desconectada/apagada o sin permisos?).
2026-07-06 19:21:01 - Detectados zebra.zpl y zebra.ok. Enviando a imprimir...
2026-07-06 19:21:01 - ERROR: no se puede escribir en /dev/usb/lp0 (¿impresora desconectada/apagada o sin permisos?).
2026-07-06 19:22:01 - Detectados zebra.zpl y zebra.ok. Enviando a imprimir...
2026-07-06 19:22:01 - ERROR: no se puede escribir en /dev/usb/lp0 (¿impresora desconectada/apagada o sin permisos?).
2026-07-06 19:23:01 - Detectados zebra.zpl y zebra.ok. Enviando a imprimir...
2026-07-06 19:23:01 - ERROR: no se puede escribir en /dev/usb/lp0 (¿impresora desconectada/apagada o sin permisos?).
2026-07-06 19:24:01 - Detectados zebra.zpl y zebra.ok. Enviando a imprimir...
2026-07-06 19:24:01 - ERROR: no se puede escribir en /dev/usb/lp0 (¿impresora desconectada/apagada o sin permisos?).
2026-07-06 19:25:01 - Detectados zebra.zpl y zebra.ok. Enviando a imprimir...
2026-07-06 19:25:01 - ERROR: no se puede escribir en /dev/usb/lp0 (¿impresora desconectada/apagada o sin permisos?).
2026-07-06 19:26:01 - Detectados zebra.zpl y zebra.ok. Enviando a imprimir...
2026-07-06 19:26:01 - ERROR: no se puede escribir en /dev/usb/lp0 (¿impresora desconectada/apagada o sin permisos?).
2026-07-06 19:27:01 - Detectados zebra.zpl y zebra.ok. Enviando a imprimir...
2026-07-06 19:27:01 - ERROR: no se puede escribir en /dev/usb/lp0 (¿impresora desconectada/apagada o sin permisos?).
2026-07-06 19:28:01 - Detectados zebra.zpl y zebra.ok. Enviando a imprimir...
2026-07-06 19:28:01 - ERROR: no se puede escribir en /dev/usb/lp0 (¿impresora desconectada/apagada o sin permisos?).
2026-07-06 19:29:01 - Detectados zebra.zpl y zebra.ok. Enviando a imprimir...
2026-07-06 19:29:01 - ERROR: no se puede escribir en /dev/usb/lp0 (¿impresora desconectada/apagada o sin permisos?).
2026-07-06 19:30:01 - Detectados zebra.zpl y zebra.ok. Enviando a imprimir...
2026-07-06 19:30:01 - ERROR: no se puede escribir en /dev/usb/lp0 (¿impresora desconectada/apagada o sin permisos?).
2026-07-06 19:31:01 - Detectados zebra.zpl y zebra.ok. Enviando a imprimir...
2026-07-06 19:31:01 - ERROR: no se puede escribir en /dev/usb/lp0 (¿impresora desconectada/apagada o sin permisos?).
2026-07-06 19:32:01 - Detectados zebra.zpl y zebra.ok. Enviando a imprimir...
2026-07-06 19:32:01 - ERROR: no se puede escribir en /dev/usb/lp0 (¿impresora desconectada/apagada o sin permisos?).
2026-07-06 19:33:01 - Detectados zebra.zpl y zebra.ok. Enviando a imprimir...
2026-07-06 19:33:01 - ERROR: no se puede escribir en /dev/usb/lp0 (¿impresora desconectada/apagada o sin permisos?).
2026-07-06 19:34:01 - Detectados zebra.zpl y zebra.ok. Enviando a imprimir...
2026-07-06 19:34:02 - ERROR: no se puede escribir en /dev/usb/lp0 (¿impresora desconectada/apagada o sin permisos?).
2026-07-06 19:35:01 - Detectados zebra.zpl y zebra.ok. Enviando a imprimir...
2026-07-06 19:35:01 - ERROR: no se puede escribir en /dev/usb/lp0 (¿impresora desconectada/apagada o sin permisos?).
2026-07-06 19:36:01 - Detectados zebra.zpl y zebra.ok. Enviando a imprimir...
2026-07-06 19:36:01 - ERROR: no se puede escribir en /dev/usb/lp0 (¿impresora desconectada/apagada o sin permisos?).
2026-07-06 19:37:01 - Detectados zebra.zpl y zebra.ok. Enviando a imprimir...
2026-07-06 19:37:01 - ERROR: no se puede escribir en /dev/usb/lp0 (¿impresora desconectada/apagada o sin permisos?).
2026-07-06 19:38:01 - Detectados zebra.zpl y zebra.ok. Enviando a imprimir...
2026-07-06 19:38:01 - ERROR: no se puede escribir en /dev/usb/lp0 (¿impresora desconectada/apagada o sin permisos?).
2026-07-06 19:39:01 - Detectados zebra.zpl y zebra.ok. Enviando a imprimir...
2026-07-06 19:39:01 - ERROR: no se puede escribir en /dev/usb/lp0 (¿impresora desconectada/apagada o sin permisos?).
2026-07-06 19:40:01 - Detectados zebra.zpl y zebra.ok. Enviando a imprimir...
2026-07-06 19:40:01 - ERROR: no se puede escribir en /dev/usb/lp0 (¿impresora desconectada/apagada o sin permisos?).
2026-07-06 19:41:01 - Detectados zebra.zpl y zebra.ok. Enviando a imprimir...
2026-07-06 19:41:01 - ERROR: no se puede escribir en /dev/usb/lp0 (¿impresora desconectada/apagada o sin permisos?).
2026-07-06 19:42:01 - Detectados zebra.zpl y zebra.ok. Enviando a imprimir...
2026-07-06 19:42:01 - ERROR: no se puede escribir en /dev/usb/lp0 (¿impresora desconectada/apagada o sin permisos?).
2026-07-06 19:43:01 - Detectados zebra.zpl y zebra.ok. Enviando a imprimir...
2026-07-06 19:43:01 - ERROR: no se puede escribir en /dev/usb/lp0 (¿impresora desconectada/apagada o sin permisos?).
2026-07-06 19:44:01 - Detectados zebra.zpl y zebra.ok. Enviando a imprimir...
2026-07-06 19:44:01 - ERROR: no se puede escribir en /dev/usb/lp0 (¿impresora desconectada/apagada o sin permisos?).
2026-07-06 19:45:01 - Detectados zebra.zpl y zebra.ok. Enviando a imprimir...
2026-07-06 19:45:01 - ERROR: no se puede escribir en /dev/usb/lp0 (¿impresora desconectada/apagada o sin permisos?).
2026-07-06 19:46:01 - Detectados zebra.zpl y zebra.ok. Enviando a imprimir...
2026-07-06 19:46:01 - ERROR: no se puede escribir en /dev/usb/lp0 (¿impresora desconectada/apagada o sin permisos?).
2026-07-06 19:47:01 - Detectados zebra.zpl y zebra.ok. Enviando a imprimir...
2026-07-06 19:47:01 - ERROR: no se puede escribir en /dev/usb/lp0 (¿impresora desconectada/apagada o sin permisos?).
2026-07-06 19:48:01 - Detectados zebra.zpl y zebra.ok. Enviando a imprimir...
2026-07-06 19:48:01 - ERROR: no se puede escribir en /dev/usb/lp0 (¿impresora desconectada/apagada o sin permisos?).
2026-07-06 19:49:01 - Detectados zebra.zpl y zebra.ok. Enviando a imprimir...
2026-07-06 19:49:01 - ERROR: no se puede escribir en /dev/usb/lp0 (¿impresora desconectada/apagada o sin permisos?).
2026-07-06 19:50:01 - Detectados zebra.zpl y zebra.ok. Enviando a imprimir...
2026-07-06 19:50:01 - ERROR: no se puede escribir en /dev/usb/lp0 (¿impresora desconectada/apagada o sin permisos?).
2026-07-06 19:51:01 - Detectados zebra.zpl y zebra.ok. Enviando a imprimir...
2026-07-06 19:51:01 - ERROR: no se puede escribir en /dev/usb/lp0 (¿impresora desconectada/apagada o sin permisos?).
2026-07-06 19:52:01 - Detectados zebra.zpl y zebra.ok. Enviando a imprimir...
2026-07-06 19:52:01 - ERROR: no se puede escribir en /dev/usb/lp0 (¿impresora desconectada/apagada o sin permisos?).
2026-07-06 19:53:01 - Detectados zebra.zpl y zebra.ok. Enviando a imprimir...
2026-07-06 19:53:01 - ERROR: no se puede escribir en /dev/usb/lp0 (¿impresora desconectada/apagada o sin permisos?).
2026-07-06 19:54:01 - Detectados zebra.zpl y zebra.ok. Enviando a imprimir...
2026-07-06 19:54:01 - ERROR: no se puede escribir en /dev/usb/lp0 (¿impresora desconectada/apagada o sin permisos?).
2026-07-06 19:55:01 - Detectados zebra.zpl y zebra.ok. Enviando a imprimir...
2026-07-06 19:55:01 - ERROR: no se puede escribir en /dev/usb/lp0 (¿impresora desconectada/apagada o sin permisos?).
2026-07-06 19:56:01 - Detectados zebra.zpl y zebra.ok. Enviando a imprimir...
2026-07-06 19:56:01 - ERROR: no se puede escribir en /dev/usb/lp0 (¿impresora desconectada/apagada o sin permisos?).
2026-07-06 19:57:01 - Detectados zebra.zpl y zebra.ok. Enviando a imprimir...
2026-07-06 19:57:01 - ERROR: no se puede escribir en /dev/usb/lp0 (¿impresora desconectada/apagada o sin permisos?).
2026-07-06 19:58:01 - Detectados zebra.zpl y zebra.ok. Enviando a imprimir...
2026-07-06 19:58:01 - ERROR: no se puede escribir en /dev/usb/lp0 (¿impresora desconectada/apagada o sin permisos?).
2026-07-06 19:59:01 - Detectados zebra.zpl y zebra.ok. Enviando a imprimir...
2026-07-06 19:59:01 - ERROR: no se puede escribir en /dev/usb/lp0 (¿impresora desconectada/apagada o sin permisos?).
2026-07-06 20:00:01 - Detectados zebra.zpl y zebra.ok. Enviando a imprimir...
2026-07-06 20:00:01 - ERROR: no se puede escribir en /dev/usb/lp0 (¿impresora desconectada/apagada o sin permisos?).
2026-07-06 20:01:01 - Detectados zebra.zpl y zebra.ok. Enviando a imprimir...
2026-07-06 20:01:01 - ERROR: no se puede escribir en /dev/usb/lp0 (¿impresora desconectada/apagada o sin permisos?).
2026-07-06 20:02:01 - Detectados zebra.zpl y zebra.ok. Enviando a imprimir...
2026-07-06 20:02:01 - ERROR: no se puede escribir en /dev/usb/lp0 (¿impresora desconectada/apagada o sin permisos?).
2026-07-06 20:03:01 - Detectados zebra.zpl y zebra.ok. Enviando a imprimir...
2026-07-06 20:03:01 - ERROR: no se puede escribir en /dev/usb/lp0 (¿impresora desconectada/apagada o sin permisos?).
2026-07-06 20:04:01 - Detectados zebra.zpl y zebra.ok. Enviando a imprimir...
2026-07-06 20:04:01 - ERROR: no se puede escribir en /dev/usb/lp0 (¿impresora desconectada/apagada o sin permisos?).
2026-07-06 20:05:01 - Detectados zebra.zpl y zebra.ok. Enviando a imprimir...
2026-07-06 20:05:01 - ERROR: no se puede escribir en /dev/usb/lp0 (¿impresora desconectada/apagada o sin permisos?).
2026-07-06 20:06:01 - Detectados zebra.zpl y zebra.ok. Enviando a imprimir...
2026-07-06 20:06:01 - ERROR: no se puede escribir en /dev/usb/lp0 (¿impresora desconectada/apagada o sin permisos?).
2026-07-06 20:07:01 - Detectados zebra.zpl y zebra.ok. Enviando a imprimir...
2026-07-06 20:07:01 - ERROR: no se puede escribir en /dev/usb/lp0 (¿impresora desconectada/apagada o sin permisos?).
2026-07-06 20:08:01 - Detectados zebra.zpl y zebra.ok. Enviando a imprimir...
2026-07-06 20:08:01 - ERROR: no se puede escribir en /dev/usb/lp0 (¿impresora desconectada/apagada o sin permisos?).
2026-07-06 20:09:01 - Detectados zebra.zpl y zebra.ok. Enviando a imprimir...
2026-07-06 20:09:01 - ERROR: no se puede escribir en /dev/usb/lp0 (¿impresora desconectada/apagada o sin permisos?).
2026-07-06 20:10:02 - Detectados zebra.zpl y zebra.ok. Enviando a imprimir...
2026-07-06 20:10:02 - ERROR: no se puede escribir en /dev/usb/lp0 (¿impresora desconectada/apagada o sin permisos?).
2026-07-06 20:11:01 - Detectados zebra.zpl y zebra.ok. Enviando a imprimir...
2026-07-06 20:11:01 - ERROR: no se puede escribir en /dev/usb/lp0 (¿impresora desconectada/apagada o sin permisos?).
2026-07-06 20:12:01 - Detectados zebra.zpl y zebra.ok. Enviando a imprimir...
2026-07-06 20:12:01 - ERROR: no se puede escribir en /dev/usb/lp0 (¿impresora desconectada/apagada o sin permisos?).
2026-07-06 20:13:01 - Detectados zebra.zpl y zebra.ok. Enviando a imprimir...
2026-07-06 20:13:01 - ERROR: no se puede escribir en /dev/usb/lp0 (¿impresora desconectada/apagada o sin permisos?).
2026-07-06 20:14:01 - Detectados zebra.zpl y zebra.ok. Enviando a imprimir...
2026-07-06 20:14:01 - ERROR: no se puede escribir en /dev/usb/lp0 (¿impresora desconectada/apagada o sin permisos?).
2026-07-06 20:15:01 - Detectados zebra.zpl y zebra.ok. Enviando a imprimir...
2026-07-06 20:15:01 - ERROR: no se puede escribir en /dev/usb/lp0 (¿impresora desconectada/apagada o sin permisos?).
2026-07-06 20:16:01 - Detectados zebra.zpl y zebra.ok. Enviando a imprimir...
2026-07-06 20:16:01 - ERROR: no se puede escribir en /dev/usb/lp0 (¿impresora desconectada/apagada o sin permisos?).
2026-07-06 20:17:01 - Detectados zebra.zpl y zebra.ok. Enviando a imprimir...
2026-07-06 20:17:01 - ERROR: no se puede escribir en /dev/usb/lp0 (¿impresora desconectada/apagada o sin permisos?).
2026-07-06 20:18:01 - Detectados zebra.zpl y zebra.ok. Enviando a imprimir...
2026-07-06 20:18:01 - ERROR: no se puede escribir en /dev/usb/lp0 (¿impresora desconectada/apagada o sin permisos?).
2026-07-06 20:19:01 - Detectados zebra.zpl y zebra.ok. Enviando a imprimir...
2026-07-06 20:19:01 - ERROR: no se puede escribir en /dev/usb/lp0 (¿impresora desconectada/apagada o sin permisos?).
2026-07-06 20:20:01 - Detectados zebra.zpl y zebra.ok. Enviando a imprimir...
2026-07-06 20:20:01 - ERROR: no se puede escribir en /dev/usb/lp0 (¿impresora desconectada/apagada o sin permisos?).
2026-07-06 20:21:01 - Detectados zebra.zpl y zebra.ok. Enviando a imprimir...
2026-07-06 20:21:01 - ERROR: no se puede escribir en /dev/usb/lp0 (¿impresora desconectada/apagada o sin permisos?).
2026-07-06 20:22:01 - Detectados zebra.zpl y zebra.ok. Enviando a imprimir...
2026-07-06 20:22:01 - ERROR: no se puede escribir en /dev/usb/lp0 (¿impresora desconectada/apagada o sin permisos?).
2026-07-06 20:23:01 - Detectados zebra.zpl y zebra.ok. Enviando a imprimir...
2026-07-06 20:23:01 - ERROR: no se puede escribir en /dev/usb/lp0 (¿impresora desconectada/apagada o sin permisos?).
2026-07-06 20:24:01 - Detectados zebra.zpl y zebra.ok. Enviando a imprimir...
2026-07-06 20:24:01 - ERROR: no se puede escribir en /dev/usb/lp0 (¿impresora desconectada/apagada o sin permisos?).
2026-07-06 20:25:01 - Detectados zebra.zpl y zebra.ok. Enviando a imprimir...
2026-07-06 20:25:01 - ERROR: no se puede escribir en /dev/usb/lp0 (¿impresora desconectada/apagada o sin permisos?).
2026-07-06 20:26:01 - Detectados zebra.zpl y zebra.ok. Enviando a imprimir...
2026-07-06 20:26:01 - ERROR: no se puede escribir en /dev/usb/lp0 (¿impresora desconectada/apagada o sin permisos?).
2026-07-06 20:27:01 - Detectados zebra.zpl y zebra.ok. Enviando a imprimir...
2026-07-06 20:27:01 - ERROR: no se puede escribir en /dev/usb/lp0 (¿impresora desconectada/apagada o sin permisos?).
2026-07-06 20:28:01 - Detectados zebra.zpl y zebra.ok. Enviando a imprimir...
2026-07-06 20:28:01 - ERROR: no se puede escribir en /dev/usb/lp0 (¿impresora desconectada/apagada o sin permisos?).
2026-07-06 20:29:01 - Detectados zebra.zpl y zebra.ok. Enviando a imprimir...
2026-07-06 20:29:01 - ERROR: no se puede escribir en /dev/usb/lp0 (¿impresora desconectada/apagada o sin permisos?).
2026-07-06 20:30:01 - Detectados zebra.zpl y zebra.ok. Enviando a imprimir...
2026-07-06 20:30:01 - ERROR: no se puede escribir en /dev/usb/lp0 (¿impresora desconectada/apagada o sin permisos?).
2026-07-07 08:05:01 - Detectados zebra.zpl y zebra.ok. Enviando a imprimir...
2026-07-07 08:05:01 - ERROR: no se puede escribir en /dev/usb/lp0 (¿impresora desconectada/apagada o sin permisos?).
2026-07-07 08:06:01 - Detectados zebra.zpl y zebra.ok. Enviando a imprimir...
2026-07-07 08:06:01 - ERROR: no se puede escribir en /dev/usb/lp0 (¿impresora desconectada/apagada o sin permisos?).
2026-07-07 08:07:01 - Detectados zebra.zpl y zebra.ok. Enviando a imprimir...
2026-07-07 08:07:01 - ERROR: no se puede escribir en /dev/usb/lp0 (¿impresora desconectada/apagada o sin permisos?).
2026-07-07 08:08:01 - Detectados zebra.zpl y zebra.ok. Enviando a imprimir...
2026-07-07 08:08:01 - ERROR: no se puede escribir en /dev/usb/lp0 (¿impresora desconectada/apagada o sin permisos?).
2026-07-07 08:09:01 - Detectados zebra.zpl y zebra.ok. Enviando a imprimir...
2026-07-07 08:09:01 - ERROR: no se puede escribir en /dev/usb/lp0 (¿impresora desconectada/apagada o sin permisos?).
2026-07-07 08:10:01 - Detectados zebra.zpl y zebra.ok. Enviando a imprimir...
2026-07-07 08:10:01 - ERROR: no se puede escribir en /dev/usb/lp0 (¿impresora desconectada/apagada o sin permisos?).
2026-07-07 08:11:01 - Detectados zebra.zpl y zebra.ok. Enviando a imprimir...
2026-07-07 08:11:01 - ERROR: no se puede escribir en /dev/usb/lp0 (¿impresora desconectada/apagada o sin permisos?).
2026-07-07 08:12:01 - Detectados zebra.zpl y zebra.ok. Enviando a imprimir...
2026-07-07 08:12:01 - ERROR: no se puede escribir en /dev/usb/lp0 (¿impresora desconectada/apagada o sin permisos?).
2026-07-07 08:13:01 - Detectados zebra.zpl y zebra.ok. Enviando a imprimir...
2026-07-07 08:13:01 - ERROR: no se puede escribir en /dev/usb/lp0 (¿impresora desconectada/apagada o sin permisos?).
2026-07-07 08:14:01 - Detectados zebra.zpl y zebra.ok. Enviando a imprimir...
2026-07-07 08:14:01 - ERROR: no se puede escribir en /dev/usb/lp0 (¿impresora desconectada/apagada o sin permisos?).
2026-07-07 08:15:01 - Detectados zebra.zpl y zebra.ok. Enviando a imprimir...
2026-07-07 08:15:01 - ERROR: no se puede escribir en /dev/usb/lp0 (¿impresora desconectada/apagada o sin permisos?).
2026-07-07 08:16:01 - Detectados zebra.zpl y zebra.ok. Enviando a imprimir...
2026-07-07 08:16:01 - ERROR: no se puede escribir en /dev/usb/lp0 (¿impresora desconectada/apagada o sin permisos?).
2026-07-07 08:17:01 - Detectados zebra.zpl y zebra.ok. Enviando a imprimir...
2026-07-07 08:17:01 - ERROR: no se puede escribir en /dev/usb/lp0 (¿impresora desconectada/apagada o sin permisos?).
2026-07-07 08:18:01 - Detectados zebra.zpl y zebra.ok. Enviando a imprimir...
2026-07-07 08:18:01 - ERROR: no se puede escribir en /dev/usb/lp0 (¿impresora desconectada/apagada o sin permisos?).
2026-07-07 08:19:01 - Detectados zebra.zpl y zebra.ok. Enviando a imprimir...
2026-07-07 08:19:01 - ERROR: no se puede escribir en /dev/usb/lp0 (¿impresora desconectada/apagada o sin permisos?).
2026-07-07 08:20:01 - Detectados zebra.zpl y zebra.ok. Enviando a imprimir...
2026-07-07 08:20:01 - ERROR: no se puede escribir en /dev/usb/lp0 (¿impresora desconectada/apagada o sin permisos?).
2026-07-07 08:21:01 - Detectados zebra.zpl y zebra.ok. Enviando a imprimir...
2026-07-07 08:21:01 - ERROR: no se puede escribir en /dev/usb/lp0 (¿impresora desconectada/apagada o sin permisos?).
2026-07-07 08:22:01 - Detectados zebra.zpl y zebra.ok. Enviando a imprimir...
2026-07-07 08:22:01 - ERROR: no se puede escribir en /dev/usb/lp0 (¿impresora desconectada/apagada o sin permisos?).
2026-07-07 08:23:01 - Detectados zebra.zpl y zebra.ok. Enviando a imprimir...
2026-07-07 08:23:01 - ERROR: no se puede escribir en /dev/usb/lp0 (¿impresora desconectada/apagada o sin permisos?).
2026-07-07 08:24:01 - Detectados zebra.zpl y zebra.ok. Enviando a imprimir...
2026-07-07 08:24:01 - Impresión enviada correctamente.
2026-07-07 08:24:01 - Archivos zebra.zpl y zebra.ok eliminados.
2026-07-07 08:29:01 - Detectados zebra.zpl y zebra.ok. Enviando a imprimir...
2026-07-07 08:29:01 - Impresión enviada correctamente.
2026-07-07 08:29:01 - Archivos zebra.zpl y zebra.ok eliminados.
2026-07-07 08:31:01 - Detectados zebra.zpl y zebra.ok. Enviando a imprimir...
2026-07-07 08:31:01 - Impresión enviada correctamente.
2026-07-07 08:31:01 - Archivos zebra.zpl y zebra.ok eliminados.
2026-07-07 08:34:01 - Detectados zebra.zpl y zebra.ok. Enviando a imprimir...
2026-07-07 08:34:01 - Impresión enviada correctamente.
2026-07-07 08:34:01 - Archivos zebra.zpl y zebra.ok eliminados.
2026-07-07 08:38:01 - Detectados zebra.zpl y zebra.ok. Enviando a imprimir...
2026-07-07 08:38:01 - Impresión enviada correctamente.
2026-07-07 08:38:01 - Archivos zebra.zpl y zebra.ok eliminados.
2026-07-07 08:43:01 - Detectados zebra.zpl y zebra.ok. Enviando a imprimir...
2026-07-07 08:43:01 - Impresión enviada correctamente.
2026-07-07 08:43:01 - Archivos zebra.zpl y zebra.ok eliminados.
2026-07-07 08:46:01 - Detectados zebra.zpl y zebra.ok. Enviando a imprimir...
2026-07-07 08:46:01 - Impresión enviada correctamente.
2026-07-07 08:46:01 - Archivos zebra.zpl y zebra.ok eliminados.
2026-07-07 08:48:01 - Detectados zebra.zpl y zebra.ok. Enviando a imprimir...
2026-07-07 08:48:01 - Impresión enviada correctamente.
2026-07-07 08:48:01 - Archivos zebra.zpl y zebra.ok eliminados.
2026-07-07 08:51:01 - Detectados zebra.zpl y zebra.ok. Enviando a imprimir...
2026-07-07 08:51:01 - Impresión enviada correctamente.
2026-07-07 08:51:01 - Archivos zebra.zpl y zebra.ok eliminados.
2026-07-07 08:54:01 - Detectados zebra.zpl y zebra.ok. Enviando a imprimir...
2026-07-07 08:54:01 - Impresión enviada correctamente.
2026-07-07 08:54:01 - Archivos zebra.zpl y zebra.ok eliminados.
2026-07-07 08:56:01 - Detectados zebra.zpl y zebra.ok. Enviando a imprimir...
2026-07-07 08:56:01 - Impresión enviada correctamente.
2026-07-07 08:56:01 - Archivos zebra.zpl y zebra.ok eliminados.
2026-07-07 09:01:01 - Detectados zebra.zpl y zebra.ok. Enviando a imprimir...
2026-07-07 09:01:01 - Impresión enviada correctamente.
2026-07-07 09:01:01 - Archivos zebra.zpl y zebra.ok eliminados.
2026-07-07 09:09:01 - Detectados zebra.zpl y zebra.ok. Enviando a imprimir...
2026-07-07 09:09:01 - Impresión enviada correctamente.
2026-07-07 09:09:01 - Archivos zebra.zpl y zebra.ok eliminados.
2026-07-07 09:13:01 - Detectados zebra.zpl y zebra.ok. Enviando a imprimir...
2026-07-07 09:13:01 - Impresión enviada correctamente.
2026-07-07 09:13:01 - Archivos zebra.zpl y zebra.ok eliminados.
2026-07-07 09:16:01 - Detectados zebra.zpl y zebra.ok. Enviando a imprimir...
2026-07-07 09:16:01 - Impresión enviada correctamente.
2026-07-07 09:16:01 - Archivos zebra.zpl y zebra.ok eliminados.
2026-07-07 09:18:01 - Detectados zebra.zpl y zebra.ok. Enviando a imprimir...
2026-07-07 09:18:01 - Impresión enviada correctamente.
2026-07-07 09:18:01 - Archivos zebra.zpl y zebra.ok eliminados.
2026-07-07 09:19:01 - Detectados zebra.zpl y zebra.ok. Enviando a imprimir...
2026-07-07 09:19:01 - Impresión enviada correctamente.
2026-07-07 09:19:01 - Archivos zebra.zpl y zebra.ok eliminados.
2026-07-07 11:54:01 - Detectados zebra.zpl y zebra.ok. Enviando a imprimir...
2026-07-07 11:54:01 - ERROR: no se puede escribir en /dev/usb/lp0 (¿impresora desconectada/apagada o sin permisos?).
2026-07-07 11:55:01 - Detectados zebra.zpl y zebra.ok. Enviando a imprimir...
2026-07-07 11:55:01 - ERROR: no se puede escribir en /dev/usb/lp0 (¿impresora desconectada/apagada o sin permisos?).
2026-07-07 11:56:01 - Detectados zebra.zpl y zebra.ok. Enviando a imprimir...
2026-07-07 11:56:01 - ERROR: no se puede escribir en /dev/usb/lp0 (¿impresora desconectada/apagada o sin permisos?).
2026-07-07 11:57:01 - Detectados zebra.zpl y zebra.ok. Enviando a imprimir...
2026-07-07 11:57:01 - ERROR: no se puede escribir en /dev/usb/lp0 (¿impresora desconectada/apagada o sin permisos?).
2026-07-07 11:58:01 - Detectados zebra.zpl y zebra.ok. Enviando a imprimir...
2026-07-07 11:58:01 - ERROR: no se puede escribir en /dev/usb/lp0 (¿impresora desconectada/apagada o sin permisos?).
2026-07-07 11:59:01 - Detectados zebra.zpl y zebra.ok. Enviando a imprimir...
2026-07-07 11:59:01 - ERROR: no se puede escribir en /dev/usb/lp0 (¿impresora desconectada/apagada o sin permisos?).
2026-07-07 12:00:01 - Detectados zebra.zpl y zebra.ok. Enviando a imprimir...
2026-07-07 12:00:01 - ERROR: no se puede escribir en /dev/usb/lp0 (¿impresora desconectada/apagada o sin permisos?).
2026-07-07 12:01:01 - Detectados zebra.zpl y zebra.ok. Enviando a imprimir...
2026-07-07 12:01:01 - ERROR: no se puede escribir en /dev/usb/lp0 (¿impresora desconectada/apagada o sin permisos?).
2026-07-07 12:02:01 - Detectados zebra.zpl y zebra.ok. Enviando a imprimir...
2026-07-07 12:02:01 - ERROR: no se puede escribir en /dev/usb/lp0 (¿impresora desconectada/apagada o sin permisos?).
2026-07-07 12:03:01 - Detectados zebra.zpl y zebra.ok. Enviando a imprimir...
2026-07-07 12:03:01 - ERROR: no se puede escribir en /dev/usb/lp0 (¿impresora desconectada/apagada o sin permisos?).
2026-07-07 12:04:01 - Detectados zebra.zpl y zebra.ok. Enviando a imprimir...
2026-07-07 12:04:01 - ERROR: no se puede escribir en /dev/usb/lp0 (¿impresora desconectada/apagada o sin permisos?).
2026-07-07 12:05:01 - Detectados zebra.zpl y zebra.ok. Enviando a imprimir...
2026-07-07 12:05:01 - ERROR: no se puede escribir en /dev/usb/lp0 (¿impresora desconectada/apagada o sin permisos?).
2026-07-07 12:06:02 - Detectados zebra.zpl y zebra.ok. Enviando a imprimir...
2026-07-07 12:06:02 - ERROR: no se puede escribir en /dev/usb/lp0 (¿impresora desconectada/apagada o sin permisos?).
2026-07-07 12:07:01 - Detectados zebra.zpl y zebra.ok. Enviando a imprimir...
2026-07-07 12:07:01 - ERROR: no se puede escribir en /dev/usb/lp0 (¿impresora desconectada/apagada o sin permisos?).
2026-07-07 12:08:01 - Detectados zebra.zpl y zebra.ok. Enviando a imprimir...
2026-07-07 12:08:01 - ERROR: no se puede escribir en /dev/usb/lp0 (¿impresora desconectada/apagada o sin permisos?).
2026-07-07 12:09:01 - Detectados zebra.zpl y zebra.ok. Enviando a imprimir...
2026-07-07 12:09:01 - ERROR: no se puede escribir en /dev/usb/lp0 (¿impresora desconectada/apagada o sin permisos?).
2026-07-07 12:10:01 - Detectados zebra.zpl y zebra.ok. Enviando a imprimir...
2026-07-07 12:10:01 - ERROR: no se puede escribir en /dev/usb/lp0 (¿impresora desconectada/apagada o sin permisos?).
2026-07-07 12:11:01 - Detectados zebra.zpl y zebra.ok. Enviando a imprimir...
2026-07-07 12:11:01 - ERROR: no se puede escribir en /dev/usb/lp0 (¿impresora desconectada/apagada o sin permisos?).
2026-07-07 12:12:01 - Detectados zebra.zpl y zebra.ok. Enviando a imprimir...
2026-07-07 12:12:01 - ERROR: no se puede escribir en /dev/usb/lp0 (¿impresora desconectada/apagada o sin permisos?).
2026-07-07 12:13:01 - Detectados zebra.zpl y zebra.ok. Enviando a imprimir...
2026-07-07 12:13:01 - ERROR: no se puede escribir en /dev/usb/lp0 (¿impresora desconectada/apagada o sin permisos?).
2026-07-07 12:14:01 - Detectados zebra.zpl y zebra.ok. Enviando a imprimir...
2026-07-07 12:14:01 - ERROR: no se puede escribir en /dev/usb/lp0 (¿impresora desconectada/apagada o sin permisos?).
2026-07-07 12:15:01 - Detectados zebra.zpl y zebra.ok. Enviando a imprimir...
2026-07-07 12:15:01 - ERROR: no se puede escribir en /dev/usb/lp0 (¿impresora desconectada/apagada o sin permisos?).
2026-07-07 12:16:01 - Detectados zebra.zpl y zebra.ok. Enviando a imprimir...
2026-07-07 12:16:01 - ERROR: no se puede escribir en /dev/usb/lp0 (¿impresora desconectada/apagada o sin permisos?).
2026-07-07 12:17:01 - Detectados zebra.zpl y zebra.ok. Enviando a imprimir...
2026-07-07 12:17:01 - ERROR: no se puede escribir en /dev/usb/lp0 (¿impresora desconectada/apagada o sin permisos?).
2026-07-07 12:18:01 - Detectados zebra.zpl y zebra.ok. Enviando a imprimir...
2026-07-07 12:18:01 - ERROR: no se puede escribir en /dev/usb/lp0 (¿impresora desconectada/apagada o sin permisos?).
2026-07-07 12:19:01 - Detectados zebra.zpl y zebra.ok. Enviando a imprimir...
2026-07-07 12:19:01 - ERROR: no se puede escribir en /dev/usb/lp0 (¿impresora desconectada/apagada o sin permisos?).
2026-07-07 12:20:01 - Detectados zebra.zpl y zebra.ok. Enviando a imprimir...
2026-07-07 12:20:01 - ERROR: no se puede escribir en /dev/usb/lp0 (¿impresora desconectada/apagada o sin permisos?).
2026-07-07 12:21:01 - Detectados zebra.zpl y zebra.ok. Enviando a imprimir...
2026-07-07 12:21:01 - ERROR: no se puede escribir en /dev/usb/lp0 (¿impresora desconectada/apagada o sin permisos?).
2026-07-07 12:22:01 - Detectados zebra.zpl y zebra.ok. Enviando a imprimir...
2026-07-07 12:22:01 - ERROR: no se puede escribir en /dev/usb/lp0 (¿impresora desconectada/apagada o sin permisos?).
2026-07-07 12:23:01 - Detectados zebra.zpl y zebra.ok. Enviando a imprimir...
2026-07-07 12:23:01 - ERROR: no se puede escribir en /dev/usb/lp0 (¿impresora desconectada/apagada o sin permisos?).
2026-07-07 12:24:01 - Detectados zebra.zpl y zebra.ok. Enviando a imprimir...
2026-07-07 12:24:01 - ERROR: no se puede escribir en /dev/usb/lp0 (¿impresora desconectada/apagada o sin permisos?).
2026-07-07 12:25:01 - Detectados zebra.zpl y zebra.ok. Enviando a imprimir...
2026-07-07 12:25:01 - ERROR: no se puede escribir en /dev/usb/lp0 (¿impresora desconectada/apagada o sin permisos?).
2026-07-07 12:26:01 - Detectados zebra.zpl y zebra.ok. Enviando a imprimir...
2026-07-07 12:26:01 - ERROR: no se puede escribir en /dev/usb/lp0 (¿impresora desconectada/apagada o sin permisos?).
2026-07-07 12:27:01 - Detectados zebra.zpl y zebra.ok. Enviando a imprimir...
2026-07-07 12:27:01 - ERROR: no se puede escribir en /dev/usb/lp0 (¿impresora desconectada/apagada o sin permisos?).
2026-07-07 12:28:01 - Detectados zebra.zpl y zebra.ok. Enviando a imprimir...
2026-07-07 12:28:01 - ERROR: no se puede escribir en /dev/usb/lp0 (¿impresora desconectada/apagada o sin permisos?).
2026-07-07 12:29:01 - Detectados zebra.zpl y zebra.ok. Enviando a imprimir...
2026-07-07 12:29:01 - ERROR: no se puede escribir en /dev/usb/lp0 (¿impresora desconectada/apagada o sin permisos?).
2026-07-07 12:30:01 - Detectados zebra.zpl y zebra.ok. Enviando a imprimir...
2026-07-07 12:30:01 - ERROR: no se puede escribir en /dev/usb/lp0 (¿impresora desconectada/apagada o sin permisos?).
2026-07-07 12:31:01 - Detectados zebra.zpl y zebra.ok. Enviando a imprimir...
2026-07-07 12:31:01 - ERROR: no se puede escribir en /dev/usb/lp0 (¿impresora desconectada/apagada o sin permisos?).
2026-07-07 16:34:00 - Detectados zebra.zpl y zebra.ok. Enviando a imprimir...
2026-07-07 16:34:00 - ERROR: no se puede escribir en /dev/usb/lp0 (¿impresora desconectada/apagada o sin permisos?).
2026-07-07 16:35:01 - Detectados zebra.zpl y zebra.ok. Enviando a imprimir...
2026-07-07 16:35:01 - ERROR: no se puede escribir en /dev/usb/lp0 (¿impresora desconectada/apagada o sin permisos?).
2026-07-07 16:36:01 - Detectados zebra.zpl y zebra.ok. Enviando a imprimir...
2026-07-07 16:36:01 - ERROR: no se puede escribir en /dev/usb/lp0 (¿impresora desconectada/apagada o sin permisos?).
2026-07-07 16:37:01 - Detectados zebra.zpl y zebra.ok. Enviando a imprimir...
2026-07-07 16:37:01 - ERROR: no se puede escribir en /dev/usb/lp0 (¿impresora desconectada/apagada o sin permisos?).
2026-07-07 16:38:01 - Detectados zebra.zpl y zebra.ok. Enviando a imprimir...
2026-07-07 16:38:01 - ERROR: no se puede escribir en /dev/usb/lp0 (¿impresora desconectada/apagada o sin permisos?).
2026-07-07 16:39:01 - Detectados zebra.zpl y zebra.ok. Enviando a imprimir...
2026-07-07 16:39:01 - ERROR: no se puede escribir en /dev/usb/lp0 (¿impresora desconectada/apagada o sin permisos?).
2026-07-07 16:40:01 - Detectados zebra.zpl y zebra.ok. Enviando a imprimir...
2026-07-07 16:40:01 - ERROR: no se puede escribir en /dev/usb/lp0 (¿impresora desconectada/apagada o sin permisos?).
2026-07-07 16:41:01 - Detectados zebra.zpl y zebra.ok. Enviando a imprimir...
2026-07-07 16:41:01 - ERROR: no se puede escribir en /dev/usb/lp0 (¿impresora desconectada/apagada o sin permisos?).
2026-07-07 16:42:01 - Detectados zebra.zpl y zebra.ok. Enviando a imprimir...
2026-07-07 16:42:01 - ERROR: no se puede escribir en /dev/usb/lp0 (¿impresora desconectada/apagada o sin permisos?).
2026-07-07 16:43:02 - Detectados zebra.zpl y zebra.ok. Enviando a imprimir...
2026-07-07 16:43:02 - ERROR: no se puede escribir en /dev/usb/lp0 (¿impresora desconectada/apagada o sin permisos?).
2026-07-07 16:44:01 - Detectados zebra.zpl y zebra.ok. Enviando a imprimir...
2026-07-07 16:44:01 - ERROR: no se puede escribir en /dev/usb/lp0 (¿impresora desconectada/apagada o sin permisos?).
2026-07-07 16:45:01 - Detectados zebra.zpl y zebra.ok. Enviando a imprimir...
2026-07-07 16:45:01 - ERROR: no se puede escribir en /dev/usb/lp0 (¿impresora desconectada/apagada o sin permisos?).
2026-07-07 16:46:01 - Detectados zebra.zpl y zebra.ok. Enviando a imprimir...
2026-07-07 16:46:01 - ERROR: no se puede escribir en /dev/usb/lp0 (¿impresora desconectada/apagada o sin permisos?).
2026-07-07 16:47:01 - Detectados zebra.zpl y zebra.ok. Enviando a imprimir...
2026-07-07 16:47:01 - ERROR: no se puede escribir en /dev/usb/lp0 (¿impresora desconectada/apagada o sin permisos?).
2026-07-07 16:48:01 - Detectados zebra.zpl y zebra.ok. Enviando a imprimir...
2026-07-07 16:48:01 - ERROR: no se puede escribir en /dev/usb/lp0 (¿impresora desconectada/apagada o sin permisos?).
2026-07-07 16:49:01 - Detectados zebra.zpl y zebra.ok. Enviando a imprimir...
2026-07-07 16:49:01 - ERROR: no se puede escribir en /dev/usb/lp0 (¿impresora desconectada/apagada o sin permisos?).
2026-07-07 16:50:01 - Detectados zebra.zpl y zebra.ok. Enviando a imprimir...
2026-07-07 16:50:01 - ERROR: no se puede escribir en /dev/usb/lp0 (¿impresora desconectada/apagada o sin permisos?).
2026-07-07 16:51:01 - Detectados zebra.zpl y zebra.ok. Enviando a imprimir...
2026-07-07 16:51:01 - ERROR: no se puede escribir en /dev/usb/lp0 (¿impresora desconectada/apagada o sin permisos?).
2026-07-07 16:52:01 - Detectados zebra.zpl y zebra.ok. Enviando a imprimir...
2026-07-07 16:52:01 - ERROR: no se puede escribir en /dev/usb/lp0 (¿impresora desconectada/apagada o sin permisos?).
2026-07-07 16:53:01 - Detectados zebra.zpl y zebra.ok. Enviando a imprimir...
2026-07-07 16:53:01 - ERROR: no se puede escribir en /dev/usb/lp0 (¿impresora desconectada/apagada o sin permisos?).
2026-07-07 16:54:01 - Detectados zebra.zpl y zebra.ok. Enviando a imprimir...
2026-07-07 16:54:01 - ERROR: no se puede escribir en /dev/usb/lp0 (¿impresora desconectada/apagada o sin permisos?).
2026-07-07 16:55:01 - Detectados zebra.zpl y zebra.ok. Enviando a imprimir...
2026-07-07 16:55:01 - ERROR: no se puede escribir en /dev/usb/lp0 (¿impresora desconectada/apagada o sin permisos?).
2026-07-07 16:56:01 - Detectados zebra.zpl y zebra.ok. Enviando a imprimir...
2026-07-07 16:56:01 - ERROR: no se puede escribir en /dev/usb/lp0 (¿impresora desconectada/apagada o sin permisos?).
2026-07-07 16:57:01 - Detectados zebra.zpl y zebra.ok. Enviando a imprimir...
2026-07-07 16:57:01 - ERROR: no se puede escribir en /dev/usb/lp0 (¿impresora desconectada/apagada o sin permisos?).
2026-07-07 16:58:01 - Detectados zebra.zpl y zebra.ok. Enviando a imprimir...
2026-07-07 16:58:01 - ERROR: no se puede escribir en /dev/usb/lp0 (¿impresora desconectada/apagada o sin permisos?).
2026-07-07 16:59:01 - Detectados zebra.zpl y zebra.ok. Enviando a imprimir...
2026-07-07 16:59:01 - ERROR: no se puede escribir en /dev/usb/lp0 (¿impresora desconectada/apagada o sin permisos?).
2026-07-07 17:00:01 - Detectados zebra.zpl y zebra.ok. Enviando a imprimir...
2026-07-07 17:00:01 - ERROR: no se puede escribir en /dev/usb/lp0 (¿impresora desconectada/apagada o sin permisos?).
2026-07-07 17:01:01 - Detectados zebra.zpl y zebra.ok. Enviando a imprimir...
2026-07-07 17:01:01 - ERROR: no se puede escribir en /dev/usb/lp0 (¿impresora desconectada/apagada o sin permisos?).
2026-07-07 17:02:01 - Detectados zebra.zpl y zebra.ok. Enviando a imprimir...
2026-07-07 17:02:01 - ERROR: no se puede escribir en /dev/usb/lp0 (¿impresora desconectada/apagada o sin permisos?).
2026-07-07 17:03:01 - Detectados zebra.zpl y zebra.ok. Enviando a imprimir...
2026-07-07 17:03:01 - ERROR: no se puede escribir en /dev/usb/lp0 (¿impresora desconectada/apagada o sin permisos?).
2026-07-07 17:04:01 - Detectados zebra.zpl y zebra.ok. Enviando a imprimir...
2026-07-07 17:04:01 - ERROR: no se puede escribir en /dev/usb/lp0 (¿impresora desconectada/apagada o sin permisos?).
2026-07-07 17:05:01 - Detectados zebra.zpl y zebra.ok. Enviando a imprimir...
2026-07-07 17:05:01 - ERROR: no se puede escribir en /dev/usb/lp0 (¿impresora desconectada/apagada o sin permisos?).
2026-07-07 17:06:01 - Detectados zebra.zpl y zebra.ok. Enviando a imprimir...
2026-07-07 17:06:01 - ERROR: no se puede escribir en /dev/usb/lp0 (¿impresora desconectada/apagada o sin permisos?).
2026-07-07 17:07:01 - Detectados zebra.zpl y zebra.ok. Enviando a imprimir...
2026-07-07 17:07:01 - ERROR: no se puede escribir en /dev/usb/lp0 (¿impresora desconectada/apagada o sin permisos?).
2026-07-07 17:08:01 - Detectados zebra.zpl y zebra.ok. Enviando a imprimir...
2026-07-07 17:08:01 - ERROR: no se puede escribir en /dev/usb/lp0 (¿impresora desconectada/apagada o sin permisos?).
2026-07-07 17:09:01 - Detectados zebra.zpl y zebra.ok. Enviando a imprimir...
2026-07-07 17:09:01 - ERROR: no se puede escribir en /dev/usb/lp0 (¿impresora desconectada/apagada o sin permisos?).
2026-07-07 17:10:01 - Detectados zebra.zpl y zebra.ok. Enviando a imprimir...
2026-07-07 17:10:01 - ERROR: no se puede escribir en /dev/usb/lp0 (¿impresora desconectada/apagada o sin permisos?).
2026-07-07 17:11:01 - Detectados zebra.zpl y zebra.ok. Enviando a imprimir...
2026-07-07 17:11:01 - ERROR: no se puede escribir en /dev/usb/lp0 (¿impresora desconectada/apagada o sin permisos?).
2026-07-07 17:12:01 - Detectados zebra.zpl y zebra.ok. Enviando a imprimir...
2026-07-07 17:12:01 - ERROR: no se puede escribir en /dev/usb/lp0 (¿impresora desconectada/apagada o sin permisos?).
2026-07-07 17:13:01 - Detectados zebra.zpl y zebra.ok. Enviando a imprimir...
2026-07-07 17:13:01 - ERROR: no se puede escribir en /dev/usb/lp0 (¿impresora desconectada/apagada o sin permisos?).
2026-07-07 17:14:01 - Detectados zebra.zpl y zebra.ok. Enviando a imprimir...
2026-07-07 17:14:01 - ERROR: no se puede escribir en /dev/usb/lp0 (¿impresora desconectada/apagada o sin permisos?).
2026-07-07 17:15:01 - Detectados zebra.zpl y zebra.ok. Enviando a imprimir...
2026-07-07 17:15:01 - ERROR: no se puede escribir en /dev/usb/lp0 (¿impresora desconectada/apagada o sin permisos?).
2026-07-07 17:16:01 - Detectados zebra.zpl y zebra.ok. Enviando a imprimir...
2026-07-07 17:16:01 - ERROR: no se puede escribir en /dev/usb/lp0 (¿impresora desconectada/apagada o sin permisos?).
2026-07-07 17:17:01 - Detectados zebra.zpl y zebra.ok. Enviando a imprimir...
2026-07-07 17:17:01 - ERROR: no se puede escribir en /dev/usb/lp0 (¿impresora desconectada/apagada o sin permisos?).
2026-07-07 17:18:01 - Detectados zebra.zpl y zebra.ok. Enviando a imprimir...
2026-07-07 17:18:01 - ERROR: no se puede escribir en /dev/usb/lp0 (¿impresora desconectada/apagada o sin permisos?).
2026-07-07 17:19:01 - Detectados zebra.zpl y zebra.ok. Enviando a imprimir...
2026-07-07 17:19:01 - ERROR: no se puede escribir en /dev/usb/lp0 (¿impresora desconectada/apagada o sin permisos?).
2026-07-07 17:20:01 - Detectados zebra.zpl y zebra.ok. Enviando a imprimir...
2026-07-07 17:20:01 - ERROR: no se puede escribir en /dev/usb/lp0 (¿impresora desconectada/apagada o sin permisos?).
2026-07-07 17:21:01 - Detectados zebra.zpl y zebra.ok. Enviando a imprimir...
2026-07-07 17:21:01 - ERROR: no se puede escribir en /dev/usb/lp0 (¿impresora desconectada/apagada o sin permisos?).
2026-07-07 17:22:01 - Detectados zebra.zpl y zebra.ok. Enviando a imprimir...
2026-07-07 17:22:01 - ERROR: no se puede escribir en /dev/usb/lp0 (¿impresora desconectada/apagada o sin permisos?).
2026-07-07 17:23:01 - Detectados zebra.zpl y zebra.ok. Enviando a imprimir...
2026-07-07 17:23:01 - ERROR: no se puede escribir en /dev/usb/lp0 (¿impresora desconectada/apagada o sin permisos?).
2026-07-07 17:24:02 - Detectados zebra.zpl y zebra.ok. Enviando a imprimir...
2026-07-07 17:24:02 - ERROR: no se puede escribir en /dev/usb/lp0 (¿impresora desconectada/apagada o sin permisos?).
2026-07-07 17:25:01 - Detectados zebra.zpl y zebra.ok. Enviando a imprimir...
2026-07-07 17:25:01 - ERROR: no se puede escribir en /dev/usb/lp0 (¿impresora desconectada/apagada o sin permisos?).
2026-07-07 17:26:01 - Detectados zebra.zpl y zebra.ok. Enviando a imprimir...
2026-07-07 17:26:01 - ERROR: no se puede escribir en /dev/usb/lp0 (¿impresora desconectada/apagada o sin permisos?).
2026-07-07 17:27:01 - Detectados zebra.zpl y zebra.ok. Enviando a imprimir...
2026-07-07 17:27:01 - ERROR: no se puede escribir en /dev/usb/lp0 (¿impresora desconectada/apagada o sin permisos?).
2026-07-07 17:28:01 - Detectados zebra.zpl y zebra.ok. Enviando a imprimir...
2026-07-07 17:28:01 - ERROR: no se puede escribir en /dev/usb/lp0 (¿impresora desconectada/apagada o sin permisos?).
2026-07-07 17:29:01 - Detectados zebra.zpl y zebra.ok. Enviando a imprimir...
2026-07-07 17:29:01 - ERROR: no se puede escribir en /dev/usb/lp0 (¿impresora desconectada/apagada o sin permisos?).
2026-07-07 17:30:01 - Detectados zebra.zpl y zebra.ok. Enviando a imprimir...
2026-07-07 17:30:01 - ERROR: no se puede escribir en /dev/usb/lp0 (¿impresora desconectada/apagada o sin permisos?).
2026-07-07 17:31:01 - Detectados zebra.zpl y zebra.ok. Enviando a imprimir...
2026-07-07 17:31:01 - ERROR: no se puede escribir en /dev/usb/lp0 (¿impresora desconectada/apagada o sin permisos?).
2026-07-07 17:32:01 - Detectados zebra.zpl y zebra.ok. Enviando a imprimir...
2026-07-07 17:32:01 - ERROR: no se puede escribir en /dev/usb/lp0 (¿impresora desconectada/apagada o sin permisos?).
2026-07-07 17:33:01 - Detectados zebra.zpl y zebra.ok. Enviando a imprimir...
2026-07-07 17:33:01 - ERROR: no se puede escribir en /dev/usb/lp0 (¿impresora desconectada/apagada o sin permisos?).
2026-07-07 17:34:01 - Detectados zebra.zpl y zebra.ok. Enviando a imprimir...
2026-07-07 17:34:01 - ERROR: no se puede escribir en /dev/usb/lp0 (¿impresora desconectada/apagada o sin permisos?).
2026-07-07 17:35:01 - Detectados zebra.zpl y zebra.ok. Enviando a imprimir...
2026-07-07 17:35:01 - ERROR: no se puede escribir en /dev/usb/lp0 (¿impresora desconectada/apagada o sin permisos?).
2026-07-07 17:36:01 - Detectados zebra.zpl y zebra.ok. Enviando a imprimir...
2026-07-07 17:36:01 - ERROR: no se puede escribir en /dev/usb/lp0 (¿impresora desconectada/apagada o sin permisos?).
2026-07-07 17:37:01 - Detectados zebra.zpl y zebra.ok. Enviando a imprimir...
2026-07-07 17:37:01 - ERROR: no se puede escribir en /dev/usb/lp0 (¿impresora desconectada/apagada o sin permisos?).
2026-07-07 17:38:01 - Detectados zebra.zpl y zebra.ok. Enviando a imprimir...
2026-07-07 17:38:01 - ERROR: no se puede escribir en /dev/usb/lp0 (¿impresora desconectada/apagada o sin permisos?).
2026-07-07 17:39:01 - Detectados zebra.zpl y zebra.ok. Enviando a imprimir...
2026-07-07 17:39:01 - ERROR: no se puede escribir en /dev/usb/lp0 (¿impresora desconectada/apagada o sin permisos?).
2026-07-07 17:40:01 - Detectados zebra.zpl y zebra.ok. Enviando a imprimir...
2026-07-07 17:40:01 - ERROR: no se puede escribir en /dev/usb/lp0 (¿impresora desconectada/apagada o sin permisos?).
2026-07-07 17:41:01 - Detectados zebra.zpl y zebra.ok. Enviando a imprimir...
2026-07-07 17:41:01 - ERROR: no se puede escribir en /dev/usb/lp0 (¿impresora desconectada/apagada o sin permisos?).
2026-07-07 17:42:01 - Detectados zebra.zpl y zebra.ok. Enviando a imprimir...
2026-07-07 17:42:01 - ERROR: no se puede escribir en /dev/usb/lp0 (¿impresora desconectada/apagada o sin permisos?).
2026-07-07 17:43:01 - Detectados zebra.zpl y zebra.ok. Enviando a imprimir...
2026-07-07 17:43:01 - ERROR: no se puede escribir en /dev/usb/lp0 (¿impresora desconectada/apagada o sin permisos?).
2026-07-07 17:44:01 - Detectados zebra.zpl y zebra.ok. Enviando a imprimir...
2026-07-07 17:44:01 - ERROR: no se puede escribir en /dev/usb/lp0 (¿impresora desconectada/apagada o sin permisos?).
2026-07-07 17:45:01 - Detectados zebra.zpl y zebra.ok. Enviando a imprimir...
2026-07-07 17:45:01 - ERROR: no se puede escribir en /dev/usb/lp0 (¿impresora desconectada/apagada o sin permisos?).
2026-07-07 17:46:01 - Detectados zebra.zpl y zebra.ok. Enviando a imprimir...
2026-07-07 17:46:01 - ERROR: no se puede escribir en /dev/usb/lp0 (¿impresora desconectada/apagada o sin permisos?).
2026-07-07 17:47:01 - Detectados zebra.zpl y zebra.ok. Enviando a imprimir...
2026-07-07 17:47:01 - ERROR: no se puede escribir en /dev/usb/lp0 (¿impresora desconectada/apagada o sin permisos?).
2026-07-07 17:48:01 - Detectados zebra.zpl y zebra.ok. Enviando a imprimir...
2026-07-07 17:48:01 - ERROR: no se puede escribir en /dev/usb/lp0 (¿impresora desconectada/apagada o sin permisos?).
2026-07-07 17:49:01 - Detectados zebra.zpl y zebra.ok. Enviando a imprimir...
2026-07-07 17:49:01 - ERROR: no se puede escribir en /dev/usb/lp0 (¿impresora desconectada/apagada o sin permisos?).
2026-07-07 17:50:01 - Detectados zebra.zpl y zebra.ok. Enviando a imprimir...
2026-07-07 17:50:01 - ERROR: no se puede escribir en /dev/usb/lp0 (¿impresora desconectada/apagada o sin permisos?).
2026-07-07 17:51:01 - Detectados zebra.zpl y zebra.ok. Enviando a imprimir...
2026-07-07 17:51:01 - ERROR: no se puede escribir en /dev/usb/lp0 (¿impresora desconectada/apagada o sin permisos?).
2026-07-07 17:52:01 - Detectados zebra.zpl y zebra.ok. Enviando a imprimir...
2026-07-07 17:52:01 - ERROR: no se puede escribir en /dev/usb/lp0 (¿impresora desconectada/apagada o sin permisos?).
2026-07-07 17:53:01 - Detectados zebra.zpl y zebra.ok. Enviando a imprimir...
2026-07-07 17:53:01 - ERROR: no se puede escribir en /dev/usb/lp0 (¿impresora desconectada/apagada o sin permisos?).
2026-07-07 17:54:01 - Detectados zebra.zpl y zebra.ok. Enviando a imprimir...
2026-07-07 17:54:01 - ERROR: no se puede escribir en /dev/usb/lp0 (¿impresora desconectada/apagada o sin permisos?).
2026-07-07 17:55:01 - Detectados zebra.zpl y zebra.ok. Enviando a imprimir...
2026-07-07 17:55:01 - ERROR: no se puede escribir en /dev/usb/lp0 (¿impresora desconectada/apagada o sin permisos?).
2026-07-07 17:56:01 - Detectados zebra.zpl y zebra.ok. Enviando a imprimir...
2026-07-07 17:56:01 - ERROR: no se puede escribir en /dev/usb/lp0 (¿impresora desconectada/apagada o sin permisos?).
2026-07-07 17:57:01 - Detectados zebra.zpl y zebra.ok. Enviando a imprimir...
2026-07-07 17:57:01 - ERROR: no se puede escribir en /dev/usb/lp0 (¿impresora desconectada/apagada o sin permisos?).
2026-07-07 17:58:01 - Detectados zebra.zpl y zebra.ok. Enviando a imprimir...
2026-07-07 17:58:01 - ERROR: no se puede escribir en /dev/usb/lp0 (¿impresora desconectada/apagada o sin permisos?).
2026-07-07 17:59:01 - Detectados zebra.zpl y zebra.ok. Enviando a imprimir...
2026-07-07 17:59:01 - ERROR: no se puede escribir en /dev/usb/lp0 (¿impresora desconectada/apagada o sin permisos?).
2026-07-07 18:00:01 - Detectados zebra.zpl y zebra.ok. Enviando a imprimir...
2026-07-07 18:00:01 - ERROR: no se puede escribir en /dev/usb/lp0 (¿impresora desconectada/apagada o sin permisos?).
2026-07-07 18:01:02 - Detectados zebra.zpl y zebra.ok. Enviando a imprimir...
2026-07-07 18:01:02 - ERROR: no se puede escribir en /dev/usb/lp0 (¿impresora desconectada/apagada o sin permisos?).
2026-07-07 18:02:01 - Detectados zebra.zpl y zebra.ok. Enviando a imprimir...
2026-07-07 18:02:01 - ERROR: no se puede escribir en /dev/usb/lp0 (¿impresora desconectada/apagada o sin permisos?).
2026-07-07 18:03:01 - Detectados zebra.zpl y zebra.ok. Enviando a imprimir...
2026-07-07 18:03:01 - ERROR: no se puede escribir en /dev/usb/lp0 (¿impresora desconectada/apagada o sin permisos?).
2026-07-07 18:04:01 - Detectados zebra.zpl y zebra.ok. Enviando a imprimir...
2026-07-07 18:04:01 - ERROR: no se puede escribir en /dev/usb/lp0 (¿impresora desconectada/apagada o sin permisos?).
2026-07-07 18:05:01 - Detectados zebra.zpl y zebra.ok. Enviando a imprimir...
2026-07-07 18:05:01 - ERROR: no se puede escribir en /dev/usb/lp0 (¿impresora desconectada/apagada o sin permisos?).
2026-07-07 18:06:01 - Detectados zebra.zpl y zebra.ok. Enviando a imprimir...
2026-07-07 18:06:01 - ERROR: no se puede escribir en /dev/usb/lp0 (¿impresora desconectada/apagada o sin permisos?).
2026-07-07 18:07:01 - Detectados zebra.zpl y zebra.ok. Enviando a imprimir...
2026-07-07 18:07:01 - ERROR: no se puede escribir en /dev/usb/lp0 (¿impresora desconectada/apagada o sin permisos?).
2026-07-07 18:08:01 - Detectados zebra.zpl y zebra.ok. Enviando a imprimir...
2026-07-07 18:08:01 - ERROR: no se puede escribir en /dev/usb/lp0 (¿impresora desconectada/apagada o sin permisos?).
2026-07-07 18:09:01 - Detectados zebra.zpl y zebra.ok. Enviando a imprimir...
2026-07-07 18:09:01 - ERROR: no se puede escribir en /dev/usb/lp0 (¿impresora desconectada/apagada o sin permisos?).
2026-07-07 18:10:01 - Detectados zebra.zpl y zebra.ok. Enviando a imprimir...
2026-07-07 18:10:01 - ERROR: no se puede escribir en /dev/usb/lp0 (¿impresora desconectada/apagada o sin permisos?).
2026-07-07 18:11:01 - Detectados zebra.zpl y zebra.ok. Enviando a imprimir...
2026-07-07 18:11:01 - ERROR: no se puede escribir en /dev/usb/lp0 (¿impresora desconectada/apagada o sin permisos?).
2026-07-07 18:12:01 - Detectados zebra.zpl y zebra.ok. Enviando a imprimir...
2026-07-07 18:12:01 - ERROR: no se puede escribir en /dev/usb/lp0 (¿impresora desconectada/apagada o sin permisos?).
2026-07-07 18:13:01 - Detectados zebra.zpl y zebra.ok. Enviando a imprimir...
2026-07-07 18:13:01 - ERROR: no se puede escribir en /dev/usb/lp0 (¿impresora desconectada/apagada o sin permisos?).
2026-07-07 18:14:01 - Detectados zebra.zpl y zebra.ok. Enviando a imprimir...
2026-07-07 18:14:01 - ERROR: no se puede escribir en /dev/usb/lp0 (¿impresora desconectada/apagada o sin permisos?).
2026-07-07 18:15:01 - Detectados zebra.zpl y zebra.ok. Enviando a imprimir...
2026-07-07 18:15:01 - ERROR: no se puede escribir en /dev/usb/lp0 (¿impresora desconectada/apagada o sin permisos?).
2026-07-07 18:16:01 - Detectados zebra.zpl y zebra.ok. Enviando a imprimir...
2026-07-07 18:16:01 - ERROR: no se puede escribir en /dev/usb/lp0 (¿impresora desconectada/apagada o sin permisos?).
2026-07-07 18:17:01 - Detectados zebra.zpl y zebra.ok. Enviando a imprimir...
2026-07-07 18:17:01 - ERROR: no se puede escribir en /dev/usb/lp0 (¿impresora desconectada/apagada o sin permisos?).
2026-07-07 18:18:01 - Detectados zebra.zpl y zebra.ok. Enviando a imprimir...
2026-07-07 18:18:01 - ERROR: no se puede escribir en /dev/usb/lp0 (¿impresora desconectada/apagada o sin permisos?).
2026-07-07 18:19:01 - Detectados zebra.zpl y zebra.ok. Enviando a imprimir...
2026-07-07 18:19:01 - ERROR: no se puede escribir en /dev/usb/lp0 (¿impresora desconectada/apagada o sin permisos?).
2026-07-07 18:20:01 - Detectados zebra.zpl y zebra.ok. Enviando a imprimir...
2026-07-07 18:20:01 - ERROR: no se puede escribir en /dev/usb/lp0 (¿impresora desconectada/apagada o sin permisos?).
2026-07-07 18:21:01 - Detectados zebra.zpl y zebra.ok. Enviando a imprimir...
2026-07-07 18:21:01 - ERROR: no se puede escribir en /dev/usb/lp0 (¿impresora desconectada/apagada o sin permisos?).
2026-07-07 18:22:01 - Detectados zebra.zpl y zebra.ok. Enviando a imprimir...
2026-07-07 18:22:01 - ERROR: no se puede escribir en /dev/usb/lp0 (¿impresora desconectada/apagada o sin permisos?).
2026-07-07 18:23:01 - Detectados zebra.zpl y zebra.ok. Enviando a imprimir...
2026-07-07 18:23:01 - ERROR: no se puede escribir en /dev/usb/lp0 (¿impresora desconectada/apagada o sin permisos?).
2026-07-07 18:24:01 - Detectados zebra.zpl y zebra.ok. Enviando a imprimir...
2026-07-07 18:24:01 - ERROR: no se puede escribir en /dev/usb/lp0 (¿impresora desconectada/apagada o sin permisos?).
2026-07-07 18:25:01 - Detectados zebra.zpl y zebra.ok. Enviando a imprimir...
2026-07-07 18:25:01 - ERROR: no se puede escribir en /dev/usb/lp0 (¿impresora desconectada/apagada o sin permisos?).
2026-07-07 18:26:01 - Detectados zebra.zpl y zebra.ok. Enviando a imprimir...
2026-07-07 18:26:01 - ERROR: no se puede escribir en /dev/usb/lp0 (¿impresora desconectada/apagada o sin permisos?).
2026-07-07 18:27:01 - Detectados zebra.zpl y zebra.ok. Enviando a imprimir...
2026-07-07 18:27:01 - ERROR: no se puede escribir en /dev/usb/lp0 (¿impresora desconectada/apagada o sin permisos?).
2026-07-07 18:28:01 - Detectados zebra.zpl y zebra.ok. Enviando a imprimir...
2026-07-07 18:28:01 - ERROR: no se puede escribir en /dev/usb/lp0 (¿impresora desconectada/apagada o sin permisos?).
2026-07-07 18:29:01 - Detectados zebra.zpl y zebra.ok. Enviando a imprimir...
2026-07-07 18:29:01 - ERROR: no se puede escribir en /dev/usb/lp0 (¿impresora desconectada/apagada o sin permisos?).
2026-07-07 18:30:01 - Detectados zebra.zpl y zebra.ok. Enviando a imprimir...
2026-07-07 18:30:01 - ERROR: no se puede escribir en /dev/usb/lp0 (¿impresora desconectada/apagada o sin permisos?).
2026-07-07 18:31:01 - Detectados zebra.zpl y zebra.ok. Enviando a imprimir...
2026-07-07 18:31:01 - ERROR: no se puede escribir en /dev/usb/lp0 (¿impresora desconectada/apagada o sin permisos?).
2026-07-07 18:32:01 - Detectados zebra.zpl y zebra.ok. Enviando a imprimir...
2026-07-07 18:32:01 - ERROR: no se puede escribir en /dev/usb/lp0 (¿impresora desconectada/apagada o sin permisos?).
2026-07-07 18:33:01 - Detectados zebra.zpl y zebra.ok. Enviando a imprimir...
2026-07-07 18:33:01 - ERROR: no se puede escribir en /dev/usb/lp0 (¿impresora desconectada/apagada o sin permisos?).
2026-07-07 18:34:01 - Detectados zebra.zpl y zebra.ok. Enviando a imprimir...
2026-07-07 18:34:01 - ERROR: no se puede escribir en /dev/usb/lp0 (¿impresora desconectada/apagada o sin permisos?).
2026-07-07 18:35:01 - Detectados zebra.zpl y zebra.ok. Enviando a imprimir...
2026-07-07 18:35:01 - ERROR: no se puede escribir en /dev/usb/lp0 (¿impresora desconectada/apagada o sin permisos?).
2026-07-07 18:36:01 - Detectados zebra.zpl y zebra.ok. Enviando a imprimir...
2026-07-07 18:36:01 - ERROR: no se puede escribir en /dev/usb/lp0 (¿impresora desconectada/apagada o sin permisos?).
2026-07-07 18:37:01 - Detectados zebra.zpl y zebra.ok. Enviando a imprimir...
2026-07-07 18:37:01 - ERROR: no se puede escribir en /dev/usb/lp0 (¿impresora desconectada/apagada o sin permisos?).
2026-07-07 18:38:01 - Detectados zebra.zpl y zebra.ok. Enviando a imprimir...
2026-07-07 18:38:01 - ERROR: no se puede escribir en /dev/usb/lp0 (¿impresora desconectada/apagada o sin permisos?).
2026-07-07 18:39:01 - Detectados zebra.zpl y zebra.ok. Enviando a imprimir...
2026-07-07 18:39:01 - ERROR: no se puede escribir en /dev/usb/lp0 (¿impresora desconectada/apagada o sin permisos?).
2026-07-07 18:40:01 - Detectados zebra.zpl y zebra.ok. Enviando a imprimir...
2026-07-07 18:40:01 - ERROR: no se puede escribir en /dev/usb/lp0 (¿impresora desconectada/apagada o sin permisos?).
2026-07-07 18:41:01 - Detectados zebra.zpl y zebra.ok. Enviando a imprimir...
2026-07-07 18:41:01 - ERROR: no se puede escribir en /dev/usb/lp0 (¿impresora desconectada/apagada o sin permisos?).
2026-07-07 18:42:01 - Detectados zebra.zpl y zebra.ok. Enviando a imprimir...
2026-07-07 18:42:01 - ERROR: no se puede escribir en /dev/usb/lp0 (¿impresora desconectada/apagada o sin permisos?).
2026-07-07 18:43:01 - Detectados zebra.zpl y zebra.ok. Enviando a imprimir...
2026-07-07 18:43:01 - ERROR: no se puede escribir en /dev/usb/lp0 (¿impresora desconectada/apagada o sin permisos?).
2026-07-07 18:44:01 - Detectados zebra.zpl y zebra.ok. Enviando a imprimir...
2026-07-07 18:44:01 - ERROR: no se puede escribir en /dev/usb/lp0 (¿impresora desconectada/apagada o sin permisos?).
2026-07-07 18:45:01 - Detectados zebra.zpl y zebra.ok. Enviando a imprimir...
2026-07-07 18:45:01 - ERROR: no se puede escribir en /dev/usb/lp0 (¿impresora desconectada/apagada o sin permisos?).
2026-07-07 18:46:01 - Detectados zebra.zpl y zebra.ok. Enviando a imprimir...
2026-07-07 18:46:01 - Impresión enviada correctamente.
2026-07-07 18:46:01 - Archivos zebra.zpl y zebra.ok eliminados.
2026-07-07 18:47:01 - Detectados zebra.zpl y zebra.ok. Enviando a imprimir...
2026-07-07 18:47:01 - Impresión enviada correctamente.
2026-07-07 18:47:01 - Archivos zebra.zpl y zebra.ok eliminados.
2026-07-07 18:48:01 - Detectados zebra.zpl y zebra.ok. Enviando a imprimir...
2026-07-07 18:48:01 - Impresión enviada correctamente.
2026-07-07 18:48:01 - Archivos zebra.zpl y zebra.ok eliminados.
2026-07-07 18:49:01 - Detectados zebra.zpl y zebra.ok. Enviando a imprimir...
2026-07-07 18:49:01 - Impresión enviada correctamente.
2026-07-07 18:49:01 - Archivos zebra.zpl y zebra.ok eliminados.
2026-07-08 12:48:01 - Detectados zebra.zpl y zebra.ok. Enviando a imprimir...
2026-07-08 12:48:01 - Impresión enviada correctamente.
2026-07-08 12:48:01 - Archivos zebra.zpl y zebra.ok eliminados.
2026-07-08 12:49:01 - Detectados zebra.zpl y zebra.ok. Enviando a imprimir...
2026-07-08 12:49:01 - Impresión enviada correctamente.
2026-07-08 12:49:01 - Archivos zebra.zpl y zebra.ok eliminados.
2026-07-08 12:50:01 - Detectados zebra.zpl y zebra.ok. Enviando a imprimir...
2026-07-08 12:50:01 - Impresión enviada correctamente.
2026-07-08 12:50:01 - Archivos zebra.zpl y zebra.ok eliminados.
2026-07-08 12:52:01 - Detectados zebra.zpl y zebra.ok. Enviando a imprimir...
2026-07-08 12:52:01 - Impresión enviada correctamente.
2026-07-08 12:52:01 - Archivos zebra.zpl y zebra.ok eliminados.
2026-07-08 12:53:01 - Detectados zebra.zpl y zebra.ok. Enviando a imprimir...
2026-07-08 12:53:01 - Impresión enviada correctamente.
2026-07-08 12:53:01 - Archivos zebra.zpl y zebra.ok eliminados.
2026-07-08 18:24:01 - Detectados zebra.zpl y zebra.ok. Enviando a imprimir...
2026-07-08 18:24:01 - Impresión enviada correctamente.
2026-07-08 18:24:01 - Archivos zebra.zpl y zebra.ok eliminados.
2026-07-09 08:31:01 - Detectados zebra.zpl y zebra.ok. Enviando a imprimir...
2026-07-09 08:31:01 - Impresión enviada correctamente.
2026-07-09 08:31:01 - Archivos zebra.zpl y zebra.ok eliminados.
2026-07-09 08:33:01 - Detectados zebra.zpl y zebra.ok. Enviando a imprimir...
2026-07-09 08:33:01 - Impresión enviada correctamente.
2026-07-09 08:33:01 - Archivos zebra.zpl y zebra.ok eliminados.
2026-07-09 08:37:01 - Detectados zebra.zpl y zebra.ok. Enviando a imprimir...
2026-07-09 08:37:01 - Impresión enviada correctamente.
2026-07-09 08:37:01 - Archivos zebra.zpl y zebra.ok eliminados.
2026-07-09 08:41:01 - Detectados zebra.zpl y zebra.ok. Enviando a imprimir...
2026-07-09 08:41:01 - Impresión enviada correctamente.
2026-07-09 08:41:01 - Archivos zebra.zpl y zebra.ok eliminados.
2026-07-09 08:43:01 - Detectados zebra.zpl y zebra.ok. Enviando a imprimir...
2026-07-09 08:43:01 - Impresión enviada correctamente.
2026-07-09 08:43:01 - Archivos zebra.zpl y zebra.ok eliminados.
2026-07-09 08:48:01 - Detectados zebra.zpl y zebra.ok. Enviando a imprimir...
2026-07-09 08:48:01 - Impresión enviada correctamente.
2026-07-09 08:48:01 - Archivos zebra.zpl y zebra.ok eliminados.
2026-07-09 08:50:01 - Detectados zebra.zpl y zebra.ok. Enviando a imprimir...
2026-07-09 08:50:01 - Impresión enviada correctamente.
2026-07-09 08:50:01 - Archivos zebra.zpl y zebra.ok eliminados.
2026-07-09 10:04:01 - zebra.zpl encontrado pero zebra.ok todavía no está. Espero al próximo ciclo.
2026-07-09 10:05:01 - zebra.zpl encontrado pero zebra.ok todavía no está. Espero al próximo ciclo.
2026-07-09 10:06:01 - zebra.zpl encontrado pero zebra.ok todavía no está. Espero al próximo ciclo.
2026-07-09 10:07:01 - zebra.zpl encontrado pero zebra.ok todavía no está. Espero al próximo ciclo.
2026-07-09 10:08:01 - zebra.zpl encontrado pero zebra.ok todavía no está. Espero al próximo ciclo.
2026-07-09 10:09:01 - zebra.zpl encontrado pero zebra.ok todavía no está. Espero al próximo ciclo.
2026-07-09 10:10:01 - zebra.zpl encontrado pero zebra.ok todavía no está. Espero al próximo ciclo.
2026-07-09 10:11:01 - zebra.zpl encontrado pero zebra.ok todavía no está. Espero al próximo ciclo.
2026-07-09 10:12:01 - zebra.zpl encontrado pero zebra.ok todavía no está. Espero al próximo ciclo.
2026-07-09 10:13:01 - zebra.zpl encontrado pero zebra.ok todavía no está. Espero al próximo ciclo.
2026-07-09 10:14:01 - zebra.zpl encontrado pero zebra.ok todavía no está. Espero al próximo ciclo.
2026-07-09 10:15:01 - zebra.zpl encontrado pero zebra.ok todavía no está. Espero al próximo ciclo.
2026-07-09 10:16:01 - zebra.zpl encontrado pero zebra.ok todavía no está. Espero al próximo ciclo.
2026-07-09 10:17:01 - zebra.zpl encontrado pero zebra.ok todavía no está. Espero al próximo ciclo.
2026-07-09 10:18:01 - zebra.zpl encontrado pero zebra.ok todavía no está. Espero al próximo ciclo.
2026-07-09 10:19:01 - zebra.zpl encontrado pero zebra.ok todavía no está. Espero al próximo ciclo.
2026-07-09 10:20:01 - zebra.zpl encontrado pero zebra.ok todavía no está. Espero al próximo ciclo.
2026-07-09 10:21:01 - zebra.zpl encontrado pero zebra.ok todavía no está. Espero al próximo ciclo.
2026-07-09 10:22:01 - zebra.zpl encontrado pero zebra.ok todavía no está. Espero al próximo ciclo.
2026-07-09 10:23:01 - zebra.zpl encontrado pero zebra.ok todavía no está. Espero al próximo ciclo.
2026-07-09 10:24:01 - zebra.zpl encontrado pero zebra.ok todavía no está. Espero al próximo ciclo.
2026-07-09 10:48:01 - Detectados zebra.zpl y zebra.ok. Enviando a imprimir...
2026-07-09 10:48:01 - ERROR: no se puede escribir en /dev/usb/lp0 (¿impresora desconectada/apagada o sin permisos?).
2026-07-09 10:49:01 - Detectados zebra.zpl y zebra.ok. Enviando a imprimir...
2026-07-09 10:49:01 - ERROR: no se puede escribir en /dev/usb/lp0 (¿impresora desconectada/apagada o sin permisos?).
2026-07-09 10:50:01 - Detectados zebra.zpl y zebra.ok. Enviando a imprimir...
2026-07-09 10:50:01 - ERROR: no se puede escribir en /dev/usb/lp0 (¿impresora desconectada/apagada o sin permisos?).
2026-07-09 10:51:01 - Detectados zebra.zpl y zebra.ok. Enviando a imprimir...
2026-07-09 10:51:01 - ERROR: no se puede escribir en /dev/usb/lp0 (¿impresora desconectada/apagada o sin permisos?).
2026-07-09 10:52:01 - Detectados zebra.zpl y zebra.ok. Enviando a imprimir...
2026-07-09 10:52:01 - ERROR: no se puede escribir en /dev/usb/lp0 (¿impresora desconectada/apagada o sin permisos?).
2026-07-09 10:53:01 - Detectados zebra.zpl y zebra.ok. Enviando a imprimir...
2026-07-09 10:53:01 - ERROR: no se puede escribir en /dev/usb/lp0 (¿impresora desconectada/apagada o sin permisos?).
2026-07-09 10:54:01 - Detectados zebra.zpl y zebra.ok. Enviando a imprimir...
2026-07-09 10:54:01 - ERROR: no se puede escribir en /dev/usb/lp0 (¿impresora desconectada/apagada o sin permisos?).
2026-07-09 10:55:01 - Detectados zebra.zpl y zebra.ok. Enviando a imprimir...
2026-07-09 10:55:01 - ERROR: no se puede escribir en /dev/usb/lp0 (¿impresora desconectada/apagada o sin permisos?).
2026-07-09 10:56:01 - Detectados zebra.zpl y zebra.ok. Enviando a imprimir...
2026-07-09 10:56:01 - ERROR: no se puede escribir en /dev/usb/lp0 (¿impresora desconectada/apagada o sin permisos?).
2026-07-09 10:57:01 - Detectados zebra.zpl y zebra.ok. Enviando a imprimir...
2026-07-09 10:57:01 - ERROR: no se puede escribir en /dev/usb/lp0 (¿impresora desconectada/apagada o sin permisos?).
2026-07-09 10:58:01 - Detectados zebra.zpl y zebra.ok. Enviando a imprimir...
2026-07-09 10:58:01 - ERROR: no se puede escribir en /dev/usb/lp0 (¿impresora desconectada/apagada o sin permisos?).
2026-07-09 10:59:01 - Detectados zebra.zpl y zebra.ok. Enviando a imprimir...
2026-07-09 10:59:01 - ERROR: no se puede escribir en /dev/usb/lp0 (¿impresora desconectada/apagada o sin permisos?).
2026-07-09 11:00:01 - Detectados zebra.zpl y zebra.ok. Enviando a imprimir...
2026-07-09 11:00:01 - ERROR: no se puede escribir en /dev/usb/lp0 (¿impresora desconectada/apagada o sin permisos?).
2026-07-09 11:01:01 - Detectados zebra.zpl y zebra.ok. Enviando a imprimir...
2026-07-09 11:01:01 - ERROR: no se puede escribir en /dev/usb/lp0 (¿impresora desconectada/apagada o sin permisos?).
2026-07-09 11:02:01 - Detectados zebra.zpl y zebra.ok. Enviando a imprimir...
2026-07-09 11:02:01 - ERROR: no se puede escribir en /dev/usb/lp0 (¿impresora desconectada/apagada o sin permisos?).
2026-07-09 11:03:01 - Detectados zebra.zpl y zebra.ok. Enviando a imprimir...
2026-07-09 11:03:01 - ERROR: no se puede escribir en /dev/usb/lp0 (¿impresora desconectada/apagada o sin permisos?).
2026-07-09 11:04:01 - Detectados zebra.zpl y zebra.ok. Enviando a imprimir...
2026-07-09 11:04:01 - ERROR: no se puede escribir en /dev/usb/lp0 (¿impresora desconectada/apagada o sin permisos?).
2026-07-09 11:05:01 - Detectados zebra.zpl y zebra.ok. Enviando a imprimir...
2026-07-09 11:05:01 - ERROR: no se puede escribir en /dev/usb/lp0 (¿impresora desconectada/apagada o sin permisos?).
2026-07-09 11:06:01 - Detectados zebra.zpl y zebra.ok. Enviando a imprimir...
2026-07-09 11:06:01 - ERROR: no se puede escribir en /dev/usb/lp0 (¿impresora desconectada/apagada o sin permisos?).
2026-07-09 11:07:01 - Detectados zebra.zpl y zebra.ok. Enviando a imprimir...
2026-07-09 11:07:01 - ERROR: no se puede escribir en /dev/usb/lp0 (¿impresora desconectada/apagada o sin permisos?).
2026-07-09 11:08:01 - Detectados zebra.zpl y zebra.ok. Enviando a imprimir...
2026-07-09 11:08:01 - ERROR: no se puede escribir en /dev/usb/lp0 (¿impresora desconectada/apagada o sin permisos?).
2026-07-09 11:09:01 - Detectados zebra.zpl y zebra.ok. Enviando a imprimir...
2026-07-09 11:09:01 - ERROR: no se puede escribir en /dev/usb/lp0 (¿impresora desconectada/apagada o sin permisos?).
2026-07-09 11:10:01 - Detectados zebra.zpl y zebra.ok. Enviando a imprimir...
2026-07-09 11:10:01 - ERROR: no se puede escribir en /dev/usb/lp0 (¿impresora desconectada/apagada o sin permisos?).
2026-07-09 11:11:02 - Detectados zebra.zpl y zebra.ok. Enviando a imprimir...
2026-07-09 11:11:02 - ERROR: no se puede escribir en /dev/usb/lp0 (¿impresora desconectada/apagada o sin permisos?).
2026-07-09 11:12:01 - Detectados zebra.zpl y zebra.ok. Enviando a imprimir...
2026-07-09 11:12:01 - ERROR: no se puede escribir en /dev/usb/lp0 (¿impresora desconectada/apagada o sin permisos?).
2026-07-09 11:13:01 - Detectados zebra.zpl y zebra.ok. Enviando a imprimir...
2026-07-09 11:13:01 - ERROR: no se puede escribir en /dev/usb/lp0 (¿impresora desconectada/apagada o sin permisos?).
2026-07-09 11:14:01 - Detectados zebra.zpl y zebra.ok. Enviando a imprimir...
2026-07-09 11:14:01 - ERROR: no se puede escribir en /dev/usb/lp0 (¿impresora desconectada/apagada o sin permisos?).
2026-07-09 11:15:01 - Detectados zebra.zpl y zebra.ok. Enviando a imprimir...
2026-07-09 11:15:01 - ERROR: no se puede escribir en /dev/usb/lp0 (¿impresora desconectada/apagada o sin permisos?).
2026-07-09 11:16:01 - Detectados zebra.zpl y zebra.ok. Enviando a imprimir...
2026-07-09 11:16:01 - ERROR: no se puede escribir en /dev/usb/lp0 (¿impresora desconectada/apagada o sin permisos?).
2026-07-09 11:17:01 - Detectados zebra.zpl y zebra.ok. Enviando a imprimir...
2026-07-09 11:17:01 - ERROR: no se puede escribir en /dev/usb/lp0 (¿impresora desconectada/apagada o sin permisos?).
2026-07-09 11:18:01 - Detectados zebra.zpl y zebra.ok. Enviando a imprimir...
2026-07-09 11:18:01 - ERROR: no se puede escribir en /dev/usb/lp0 (¿impresora desconectada/apagada o sin permisos?).
2026-07-09 11:19:01 - Detectados zebra.zpl y zebra.ok. Enviando a imprimir...
2026-07-09 11:19:01 - ERROR: no se puede escribir en /dev/usb/lp0 (¿impresora desconectada/apagada o sin permisos?).
2026-07-09 11:20:01 - Detectados zebra.zpl y zebra.ok. Enviando a imprimir...
2026-07-09 11:20:01 - ERROR: no se puede escribir en /dev/usb/lp0 (¿impresora desconectada/apagada o sin permisos?).
2026-07-09 11:21:01 - Detectados zebra.zpl y zebra.ok. Enviando a imprimir...
2026-07-09 11:21:01 - ERROR: no se puede escribir en /dev/usb/lp0 (¿impresora desconectada/apagada o sin permisos?).
2026-07-09 11:22:01 - Detectados zebra.zpl y zebra.ok. Enviando a imprimir...
2026-07-09 11:22:01 - ERROR: no se puede escribir en /dev/usb/lp0 (¿impresora desconectada/apagada o sin permisos?).
2026-07-09 11:23:01 - Detectados zebra.zpl y zebra.ok. Enviando a imprimir...
2026-07-09 11:23:01 - ERROR: no se puede escribir en /dev/usb/lp0 (¿impresora desconectada/apagada o sin permisos?).
2026-07-09 11:24:01 - Detectados zebra.zpl y zebra.ok. Enviando a imprimir...
2026-07-09 11:24:01 - ERROR: no se puede escribir en /dev/usb/lp0 (¿impresora desconectada/apagada o sin permisos?).
2026-07-09 11:25:01 - Detectados zebra.zpl y zebra.ok. Enviando a imprimir...
2026-07-09 11:25:01 - ERROR: no se puede escribir en /dev/usb/lp0 (¿impresora desconectada/apagada o sin permisos?).
2026-07-09 11:26:01 - Detectados zebra.zpl y zebra.ok. Enviando a imprimir...
2026-07-09 11:26:01 - ERROR: no se puede escribir en /dev/usb/lp0 (¿impresora desconectada/apagada o sin permisos?).
2026-07-09 11:27:01 - Detectados zebra.zpl y zebra.ok. Enviando a imprimir...
2026-07-09 11:27:01 - ERROR: no se puede escribir en /dev/usb/lp0 (¿impresora desconectada/apagada o sin permisos?).
2026-07-09 11:28:01 - Detectados zebra.zpl y zebra.ok. Enviando a imprimir...
2026-07-09 11:28:01 - ERROR: no se puede escribir en /dev/usb/lp0 (¿impresora desconectada/apagada o sin permisos?).
2026-07-09 11:29:01 - Detectados zebra.zpl y zebra.ok. Enviando a imprimir...
2026-07-09 11:29:01 - ERROR: no se puede escribir en /dev/usb/lp0 (¿impresora desconectada/apagada o sin permisos?).
2026-07-09 11:30:01 - Detectados zebra.zpl y zebra.ok. Enviando a imprimir...
2026-07-09 11:30:01 - ERROR: no se puede escribir en /dev/usb/lp0 (¿impresora desconectada/apagada o sin permisos?).
2026-07-09 11:31:01 - Detectados zebra.zpl y zebra.ok. Enviando a imprimir...
2026-07-09 11:31:01 - ERROR: no se puede escribir en /dev/usb/lp0 (¿impresora desconectada/apagada o sin permisos?).
2026-07-09 11:32:01 - Detectados zebra.zpl y zebra.ok. Enviando a imprimir...
2026-07-09 11:32:01 - ERROR: no se puede escribir en /dev/usb/lp0 (¿impresora desconectada/apagada o sin permisos?).
2026-07-09 11:33:01 - Detectados zebra.zpl y zebra.ok. Enviando a imprimir...
2026-07-09 11:33:01 - ERROR: no se puede escribir en /dev/usb/lp0 (¿impresora desconectada/apagada o sin permisos?).
2026-07-09 11:34:01 - Detectados zebra.zpl y zebra.ok. Enviando a imprimir...
2026-07-09 11:34:01 - ERROR: no se puede escribir en /dev/usb/lp0 (¿impresora desconectada/apagada o sin permisos?).
2026-07-09 11:35:01 - Detectados zebra.zpl y zebra.ok. Enviando a imprimir...
2026-07-09 11:35:01 - ERROR: no se puede escribir en /dev/usb/lp0 (¿impresora desconectada/apagada o sin permisos?).
2026-07-09 11:36:01 - Detectados zebra.zpl y zebra.ok. Enviando a imprimir...
2026-07-09 11:36:01 - ERROR: no se puede escribir en /dev/usb/lp0 (¿impresora desconectada/apagada o sin permisos?).
2026-07-09 11:37:01 - Detectados zebra.zpl y zebra.ok. Enviando a imprimir...
2026-07-09 11:37:01 - ERROR: no se puede escribir en /dev/usb/lp0 (¿impresora desconectada/apagada o sin permisos?).
2026-07-09 11:38:01 - Detectados zebra.zpl y zebra.ok. Enviando a imprimir...
2026-07-09 11:38:01 - ERROR: no se puede escribir en /dev/usb/lp0 (¿impresora desconectada/apagada o sin permisos?).
2026-07-09 11:39:01 - Detectados zebra.zpl y zebra.ok. Enviando a imprimir...
2026-07-09 11:39:01 - ERROR: no se puede escribir en /dev/usb/lp0 (¿impresora desconectada/apagada o sin permisos?).
2026-07-09 11:40:01 - Detectados zebra.zpl y zebra.ok. Enviando a imprimir...
2026-07-09 11:40:01 - ERROR: no se puede escribir en /dev/usb/lp0 (¿impresora desconectada/apagada o sin permisos?).
2026-07-09 11:41:01 - Detectados zebra.zpl y zebra.ok. Enviando a imprimir...
2026-07-09 11:41:01 - ERROR: no se puede escribir en /dev/usb/lp0 (¿impresora desconectada/apagada o sin permisos?).
2026-07-09 11:42:01 - Detectados zebra.zpl y zebra.ok. Enviando a imprimir...
2026-07-09 11:42:01 - ERROR: no se puede escribir en /dev/usb/lp0 (¿impresora desconectada/apagada o sin permisos?).
2026-07-09 11:43:01 - Detectados zebra.zpl y zebra.ok. Enviando a imprimir...
2026-07-09 11:43:01 - ERROR: no se puede escribir en /dev/usb/lp0 (¿impresora desconectada/apagada o sin permisos?).
2026-07-09 11:44:01 - Detectados zebra.zpl y zebra.ok. Enviando a imprimir...
2026-07-09 11:44:01 - ERROR: no se puede escribir en /dev/usb/lp0 (¿impresora desconectada/apagada o sin permisos?).
2026-07-09 11:45:01 - Detectados zebra.zpl y zebra.ok. Enviando a imprimir...
2026-07-09 11:45:01 - ERROR: no se puede escribir en /dev/usb/lp0 (¿impresora desconectada/apagada o sin permisos?).
2026-07-09 11:46:01 - Detectados zebra.zpl y zebra.ok. Enviando a imprimir...
2026-07-09 11:46:01 - ERROR: no se puede escribir en /dev/usb/lp0 (¿impresora desconectada/apagada o sin permisos?).
2026-07-09 11:47:01 - Detectados zebra.zpl y zebra.ok. Enviando a imprimir...
2026-07-09 11:47:01 - ERROR: no se puede escribir en /dev/usb/lp0 (¿impresora desconectada/apagada o sin permisos?).
2026-07-09 11:48:01 - Detectados zebra.zpl y zebra.ok. Enviando a imprimir...
2026-07-09 11:48:01 - ERROR: no se puede escribir en /dev/usb/lp0 (¿impresora desconectada/apagada o sin permisos?).
2026-07-09 11:49:02 - Detectados zebra.zpl y zebra.ok. Enviando a imprimir...
2026-07-09 11:49:02 - ERROR: no se puede escribir en /dev/usb/lp0 (¿impresora desconectada/apagada o sin permisos?).
2026-07-09 11:50:01 - Detectados zebra.zpl y zebra.ok. Enviando a imprimir...
2026-07-09 11:50:01 - ERROR: no se puede escribir en /dev/usb/lp0 (¿impresora desconectada/apagada o sin permisos?).
2026-07-09 11:51:01 - Detectados zebra.zpl y zebra.ok. Enviando a imprimir...
2026-07-09 11:51:01 - ERROR: no se puede escribir en /dev/usb/lp0 (¿impresora desconectada/apagada o sin permisos?).
2026-07-09 11:52:01 - Detectados zebra.zpl y zebra.ok. Enviando a imprimir...
2026-07-09 11:52:01 - ERROR: no se puede escribir en /dev/usb/lp0 (¿impresora desconectada/apagada o sin permisos?).
2026-07-09 11:53:01 - Detectados zebra.zpl y zebra.ok. Enviando a imprimir...
2026-07-09 11:53:01 - ERROR: no se puede escribir en /dev/usb/lp0 (¿impresora desconectada/apagada o sin permisos?).
2026-07-09 11:54:01 - Detectados zebra.zpl y zebra.ok. Enviando a imprimir...
2026-07-09 11:54:01 - ERROR: no se puede escribir en /dev/usb/lp0 (¿impresora desconectada/apagada o sin permisos?).
2026-07-09 11:55:01 - Detectados zebra.zpl y zebra.ok. Enviando a imprimir...
2026-07-09 11:55:01 - ERROR: no se puede escribir en /dev/usb/lp0 (¿impresora desconectada/apagada o sin permisos?).
2026-07-09 11:56:01 - Detectados zebra.zpl y zebra.ok. Enviando a imprimir...
2026-07-09 11:56:01 - ERROR: no se puede escribir en /dev/usb/lp0 (¿impresora desconectada/apagada o sin permisos?).
2026-07-09 11:57:01 - Detectados zebra.zpl y zebra.ok. Enviando a imprimir...
2026-07-09 11:57:01 - ERROR: no se puede escribir en /dev/usb/lp0 (¿impresora desconectada/apagada o sin permisos?).
2026-07-09 11:58:01 - Detectados zebra.zpl y zebra.ok. Enviando a imprimir...
2026-07-09 11:58:01 - ERROR: no se puede escribir en /dev/usb/lp0 (¿impresora desconectada/apagada o sin permisos?).
2026-07-09 11:59:01 - Detectados zebra.zpl y zebra.ok. Enviando a imprimir...
2026-07-09 11:59:01 - ERROR: no se puede escribir en /dev/usb/lp0 (¿impresora desconectada/apagada o sin permisos?).
2026-07-09 12:00:01 - Detectados zebra.zpl y zebra.ok. Enviando a imprimir...
2026-07-09 12:00:01 - ERROR: no se puede escribir en /dev/usb/lp0 (¿impresora desconectada/apagada o sin permisos?).
2026-07-09 12:01:01 - Detectados zebra.zpl y zebra.ok. Enviando a imprimir...
2026-07-09 12:01:01 - ERROR: no se puede escribir en /dev/usb/lp0 (¿impresora desconectada/apagada o sin permisos?).
2026-07-09 12:02:01 - Detectados zebra.zpl y zebra.ok. Enviando a imprimir...
2026-07-09 12:02:01 - ERROR: no se puede escribir en /dev/usb/lp0 (¿impresora desconectada/apagada o sin permisos?).
2026-07-09 12:03:01 - Detectados zebra.zpl y zebra.ok. Enviando a imprimir...
2026-07-09 12:03:01 - ERROR: no se puede escribir en /dev/usb/lp0 (¿impresora desconectada/apagada o sin permisos?).
2026-07-09 12:04:01 - Detectados zebra.zpl y zebra.ok. Enviando a imprimir...
2026-07-09 12:04:01 - ERROR: no se puede escribir en /dev/usb/lp0 (¿impresora desconectada/apagada o sin permisos?).
2026-07-09 12:05:01 - Detectados zebra.zpl y zebra.ok. Enviando a imprimir...
2026-07-09 12:05:01 - ERROR: no se puede escribir en /dev/usb/lp0 (¿impresora desconectada/apagada o sin permisos?).
2026-07-09 12:06:01 - Detectados zebra.zpl y zebra.ok. Enviando a imprimir...
2026-07-09 12:06:01 - ERROR: no se puede escribir en /dev/usb/lp0 (¿impresora desconectada/apagada o sin permisos?).
2026-07-09 12:07:01 - Detectados zebra.zpl y zebra.ok. Enviando a imprimir...
2026-07-09 12:07:01 - ERROR: no se puede escribir en /dev/usb/lp0 (¿impresora desconectada/apagada o sin permisos?).
2026-07-09 12:08:01 - Detectados zebra.zpl y zebra.ok. Enviando a imprimir...
2026-07-09 12:08:01 - ERROR: no se puede escribir en /dev/usb/lp0 (¿impresora desconectada/apagada o sin permisos?).
2026-07-09 12:09:01 - Detectados zebra.zpl y zebra.ok. Enviando a imprimir...
2026-07-09 12:09:01 - ERROR: no se puede escribir en /dev/usb/lp0 (¿impresora desconectada/apagada o sin permisos?).
2026-07-09 12:10:01 - Detectados zebra.zpl y zebra.ok. Enviando a imprimir...
2026-07-09 12:10:01 - ERROR: no se puede escribir en /dev/usb/lp0 (¿impresora desconectada/apagada o sin permisos?).
2026-07-09 12:11:01 - Detectados zebra.zpl y zebra.ok. Enviando a imprimir...
2026-07-09 12:11:01 - ERROR: no se puede escribir en /dev/usb/lp0 (¿impresora desconectada/apagada o sin permisos?).
2026-07-09 12:12:01 - Detectados zebra.zpl y zebra.ok. Enviando a imprimir...
2026-07-09 12:12:01 - ERROR: no se puede escribir en /dev/usb/lp0 (¿impresora desconectada/apagada o sin permisos?).
2026-07-09 12:13:01 - Detectados zebra.zpl y zebra.ok. Enviando a imprimir...
2026-07-09 12:13:01 - ERROR: no se puede escribir en /dev/usb/lp0 (¿impresora desconectada/apagada o sin permisos?).
2026-07-09 12:14:01 - Detectados zebra.zpl y zebra.ok. Enviando a imprimir...
2026-07-09 12:14:01 - ERROR: no se puede escribir en /dev/usb/lp0 (¿impresora desconectada/apagada o sin permisos?).
2026-07-09 12:15:01 - Detectados zebra.zpl y zebra.ok. Enviando a imprimir...
2026-07-09 12:15:01 - ERROR: no se puede escribir en /dev/usb/lp0 (¿impresora desconectada/apagada o sin permisos?).
2026-07-09 12:16:01 - Detectados zebra.zpl y zebra.ok. Enviando a imprimir...
2026-07-09 12:16:01 - ERROR: no se puede escribir en /dev/usb/lp0 (¿impresora desconectada/apagada o sin permisos?).
2026-07-09 12:17:01 - Detectados zebra.zpl y zebra.ok. Enviando a imprimir...
2026-07-09 12:17:01 - ERROR: no se puede escribir en /dev/usb/lp0 (¿impresora desconectada/apagada o sin permisos?).
2026-07-09 12:18:01 - Detectados zebra.zpl y zebra.ok. Enviando a imprimir...
2026-07-09 12:18:01 - ERROR: no se puede escribir en /dev/usb/lp0 (¿impresora desconectada/apagada o sin permisos?).
2026-07-09 12:19:01 - Detectados zebra.zpl y zebra.ok. Enviando a imprimir...
2026-07-09 12:19:02 - ERROR: no se puede escribir en /dev/usb/lp0 (¿impresora desconectada/apagada o sin permisos?).
2026-07-09 12:20:01 - Detectados zebra.zpl y zebra.ok. Enviando a imprimir...
2026-07-09 12:20:01 - ERROR: no se puede escribir en /dev/usb/lp0 (¿impresora desconectada/apagada o sin permisos?).
2026-07-09 12:21:01 - Detectados zebra.zpl y zebra.ok. Enviando a imprimir...
2026-07-09 12:21:01 - ERROR: no se puede escribir en /dev/usb/lp0 (¿impresora desconectada/apagada o sin permisos?).
2026-07-09 12:22:01 - Detectados zebra.zpl y zebra.ok. Enviando a imprimir...
2026-07-09 12:22:01 - ERROR: no se puede escribir en /dev/usb/lp0 (¿impresora desconectada/apagada o sin permisos?).
2026-07-09 12:23:01 - Detectados zebra.zpl y zebra.ok. Enviando a imprimir...
2026-07-09 12:23:01 - ERROR: no se puede escribir en /dev/usb/lp0 (¿impresora desconectada/apagada o sin permisos?).
2026-07-09 12:24:01 - Detectados zebra.zpl y zebra.ok. Enviando a imprimir...
2026-07-09 12:24:01 - ERROR: no se puede escribir en /dev/usb/lp0 (¿impresora desconectada/apagada o sin permisos?).
2026-07-09 12:25:01 - Detectados zebra.zpl y zebra.ok. Enviando a imprimir...
2026-07-09 12:25:01 - ERROR: no se puede escribir en /dev/usb/lp0 (¿impresora desconectada/apagada o sin permisos?).
2026-07-09 12:26:01 - Detectados zebra.zpl y zebra.ok. Enviando a imprimir...
2026-07-09 12:26:01 - ERROR: no se puede escribir en /dev/usb/lp0 (¿impresora desconectada/apagada o sin permisos?).
2026-07-09 12:27:01 - Detectados zebra.zpl y zebra.ok. Enviando a imprimir...
2026-07-09 12:27:01 - ERROR: no se puede escribir en /dev/usb/lp0 (¿impresora desconectada/apagada o sin permisos?).
2026-07-09 12:28:01 - Detectados zebra.zpl y zebra.ok. Enviando a imprimir...
2026-07-09 12:28:01 - ERROR: no se puede escribir en /dev/usb/lp0 (¿impresora desconectada/apagada o sin permisos?).
2026-07-09 12:29:01 - Detectados zebra.zpl y zebra.ok. Enviando a imprimir...
2026-07-09 12:29:01 - ERROR: no se puede escribir en /dev/usb/lp0 (¿impresora desconectada/apagada o sin permisos?).
2026-07-09 12:30:01 - Detectados zebra.zpl y zebra.ok. Enviando a imprimir...
2026-07-09 12:30:01 - ERROR: no se puede escribir en /dev/usb/lp0 (¿impresora desconectada/apagada o sin permisos?).
2026-07-09 12:31:01 - Detectados zebra.zpl y zebra.ok. Enviando a imprimir...
2026-07-09 12:31:01 - ERROR: no se puede escribir en /dev/usb/lp0 (¿impresora desconectada/apagada o sin permisos?).
2026-07-09 12:32:01 - Detectados zebra.zpl y zebra.ok. Enviando a imprimir...
2026-07-09 12:32:01 - ERROR: no se puede escribir en /dev/usb/lp0 (¿impresora desconectada/apagada o sin permisos?).
2026-07-09 12:33:01 - Detectados zebra.zpl y zebra.ok. Enviando a imprimir...
2026-07-09 12:33:01 - ERROR: no se puede escribir en /dev/usb/lp0 (¿impresora desconectada/apagada o sin permisos?).
2026-07-09 12:34:01 - Detectados zebra.zpl y zebra.ok. Enviando a imprimir...
2026-07-09 12:34:01 - ERROR: no se puede escribir en /dev/usb/lp0 (¿impresora desconectada/apagada o sin permisos?).
2026-07-09 12:35:01 - Detectados zebra.zpl y zebra.ok. Enviando a imprimir...
2026-07-09 12:35:01 - ERROR: no se puede escribir en /dev/usb/lp0 (¿impresora desconectada/apagada o sin permisos?).
2026-07-09 12:36:01 - Detectados zebra.zpl y zebra.ok. Enviando a imprimir...
2026-07-09 12:36:01 - ERROR: no se puede escribir en /dev/usb/lp0 (¿impresora desconectada/apagada o sin permisos?).
2026-07-09 12:37:01 - Detectados zebra.zpl y zebra.ok. Enviando a imprimir...
2026-07-09 12:37:01 - ERROR: no se puede escribir en /dev/usb/lp0 (¿impresora desconectada/apagada o sin permisos?).
2026-07-09 12:38:01 - Detectados zebra.zpl y zebra.ok. Enviando a imprimir...
2026-07-09 12:38:01 - ERROR: no se puede escribir en /dev/usb/lp0 (¿impresora desconectada/apagada o sin permisos?).
2026-07-09 12:39:01 - Detectados zebra.zpl y zebra.ok. Enviando a imprimir...
2026-07-09 12:39:01 - ERROR: no se puede escribir en /dev/usb/lp0 (¿impresora desconectada/apagada o sin permisos?).
2026-07-09 12:40:01 - Detectados zebra.zpl y zebra.ok. Enviando a imprimir...
2026-07-09 12:40:01 - ERROR: no se puede escribir en /dev/usb/lp0 (¿impresora desconectada/apagada o sin permisos?).
2026-07-09 12:41:01 - Detectados zebra.zpl y zebra.ok. Enviando a imprimir...
2026-07-09 12:41:01 - ERROR: no se puede escribir en /dev/usb/lp0 (¿impresora desconectada/apagada o sin permisos?).
2026-07-09 12:42:01 - Detectados zebra.zpl y zebra.ok. Enviando a imprimir...
2026-07-09 12:42:01 - ERROR: no se puede escribir en /dev/usb/lp0 (¿impresora desconectada/apagada o sin permisos?).
2026-07-09 12:43:01 - Detectados zebra.zpl y zebra.ok. Enviando a imprimir...
2026-07-09 12:43:01 - ERROR: no se puede escribir en /dev/usb/lp0 (¿impresora desconectada/apagada o sin permisos?).
2026-07-09 12:44:01 - Detectados zebra.zpl y zebra.ok. Enviando a imprimir...
2026-07-09 12:44:01 - ERROR: no se puede escribir en /dev/usb/lp0 (¿impresora desconectada/apagada o sin permisos?).
2026-07-09 12:45:01 - Detectados zebra.zpl y zebra.ok. Enviando a imprimir...
2026-07-09 12:45:01 - ERROR: no se puede escribir en /dev/usb/lp0 (¿impresora desconectada/apagada o sin permisos?).
2026-07-09 12:46:01 - Detectados zebra.zpl y zebra.ok. Enviando a imprimir...
2026-07-09 12:46:01 - ERROR: no se puede escribir en /dev/usb/lp0 (¿impresora desconectada/apagada o sin permisos?).
2026-07-09 12:47:01 - Detectados zebra.zpl y zebra.ok. Enviando a imprimir...
2026-07-09 12:47:01 - ERROR: no se puede escribir en /dev/usb/lp0 (¿impresora desconectada/apagada o sin permisos?).
2026-07-09 12:48:01 - Detectados zebra.zpl y zebra.ok. Enviando a imprimir...
2026-07-09 12:48:01 - ERROR: no se puede escribir en /dev/usb/lp0 (¿impresora desconectada/apagada o sin permisos?).
2026-07-09 12:49:01 - Detectados zebra.zpl y zebra.ok. Enviando a imprimir...
2026-07-09 12:49:01 - ERROR: no se puede escribir en /dev/usb/lp0 (¿impresora desconectada/apagada o sin permisos?).
2026-07-09 12:50:01 - Detectados zebra.zpl y zebra.ok. Enviando a imprimir...
2026-07-09 12:50:01 - ERROR: no se puede escribir en /dev/usb/lp0 (¿impresora desconectada/apagada o sin permisos?).
2026-07-09 12:51:01 - Detectados zebra.zpl y zebra.ok. Enviando a imprimir...
2026-07-09 12:51:01 - ERROR: no se puede escribir en /dev/usb/lp0 (¿impresora desconectada/apagada o sin permisos?).
2026-07-09 12:52:01 - Detectados zebra.zpl y zebra.ok. Enviando a imprimir...
2026-07-09 12:52:01 - ERROR: no se puede escribir en /dev/usb/lp0 (¿impresora desconectada/apagada o sin permisos?).
2026-07-09 12:53:02 - Detectados zebra.zpl y zebra.ok. Enviando a imprimir...
2026-07-09 12:53:02 - ERROR: no se puede escribir en /dev/usb/lp0 (¿impresora desconectada/apagada o sin permisos?).
2026-07-09 12:54:01 - Detectados zebra.zpl y zebra.ok. Enviando a imprimir...
2026-07-09 12:54:01 - ERROR: no se puede escribir en /dev/usb/lp0 (¿impresora desconectada/apagada o sin permisos?).
2026-07-09 12:55:01 - Detectados zebra.zpl y zebra.ok. Enviando a imprimir...
2026-07-09 12:55:01 - ERROR: no se puede escribir en /dev/usb/lp0 (¿impresora desconectada/apagada o sin permisos?).
2026-07-09 12:56:01 - Detectados zebra.zpl y zebra.ok. Enviando a imprimir...
2026-07-09 12:56:01 - ERROR: no se puede escribir en /dev/usb/lp0 (¿impresora desconectada/apagada o sin permisos?).
2026-07-09 12:57:01 - Detectados zebra.zpl y zebra.ok. Enviando a imprimir...
2026-07-09 12:57:01 - ERROR: no se puede escribir en /dev/usb/lp0 (¿impresora desconectada/apagada o sin permisos?).
2026-07-09 12:58:01 - Detectados zebra.zpl y zebra.ok. Enviando a imprimir...
2026-07-09 12:58:01 - ERROR: no se puede escribir en /dev/usb/lp0 (¿impresora desconectada/apagada o sin permisos?).
2026-07-09 12:59:01 - Detectados zebra.zpl y zebra.ok. Enviando a imprimir...
2026-07-09 12:59:01 - ERROR: no se puede escribir en /dev/usb/lp0 (¿impresora desconectada/apagada o sin permisos?).
2026-07-09 13:00:01 - Detectados zebra.zpl y zebra.ok. Enviando a imprimir...
2026-07-09 13:00:01 - ERROR: no se puede escribir en /dev/usb/lp0 (¿impresora desconectada/apagada o sin permisos?).
2026-07-09 13:01:01 - Detectados zebra.zpl y zebra.ok. Enviando a imprimir...
2026-07-09 13:01:01 - ERROR: no se puede escribir en /dev/usb/lp0 (¿impresora desconectada/apagada o sin permisos?).
2026-07-09 13:02:01 - Detectados zebra.zpl y zebra.ok. Enviando a imprimir...
2026-07-09 13:02:01 - ERROR: no se puede escribir en /dev/usb/lp0 (¿impresora desconectada/apagada o sin permisos?).
2026-07-10 08:08:01 - Detectados zebra.zpl y zebra.ok. Enviando a imprimir...
2026-07-10 08:08:01 - ERROR: no se puede escribir en /dev/usb/lp0 (¿impresora desconectada/apagada o sin permisos?).
2026-07-10 08:09:01 - Detectados zebra.zpl y zebra.ok. Enviando a imprimir...
2026-07-10 08:09:01 - ERROR: no se puede escribir en /dev/usb/lp0 (¿impresora desconectada/apagada o sin permisos?).
2026-07-10 08:10:01 - Detectados zebra.zpl y zebra.ok. Enviando a imprimir...
2026-07-10 08:10:01 - ERROR: no se puede escribir en /dev/usb/lp0 (¿impresora desconectada/apagada o sin permisos?).
2026-07-10 08:11:01 - Detectados zebra.zpl y zebra.ok. Enviando a imprimir...
2026-07-10 08:11:01 - ERROR: no se puede escribir en /dev/usb/lp0 (¿impresora desconectada/apagada o sin permisos?).
2026-07-10 08:12:01 - Detectados zebra.zpl y zebra.ok. Enviando a imprimir...
2026-07-10 08:12:01 - ERROR: no se puede escribir en /dev/usb/lp0 (¿impresora desconectada/apagada o sin permisos?).
2026-07-10 08:13:01 - Detectados zebra.zpl y zebra.ok. Enviando a imprimir...
2026-07-10 08:13:01 - ERROR: no se puede escribir en /dev/usb/lp0 (¿impresora desconectada/apagada o sin permisos?).
2026-07-10 08:14:01 - Detectados zebra.zpl y zebra.ok. Enviando a imprimir...
2026-07-10 08:14:01 - ERROR: no se puede escribir en /dev/usb/lp0 (¿impresora desconectada/apagada o sin permisos?).
2026-07-10 08:15:01 - Detectados zebra.zpl y zebra.ok. Enviando a imprimir...
2026-07-10 08:15:01 - ERROR: no se puede escribir en /dev/usb/lp0 (¿impresora desconectada/apagada o sin permisos?).
2026-07-10 08:16:01 - Detectados zebra.zpl y zebra.ok. Enviando a imprimir...
2026-07-10 08:16:01 - ERROR: no se puede escribir en /dev/usb/lp0 (¿impresora desconectada/apagada o sin permisos?).
2026-07-10 08:17:01 - Detectados zebra.zpl y zebra.ok. Enviando a imprimir...
2026-07-10 08:17:01 - ERROR: no se puede escribir en /dev/usb/lp0 (¿impresora desconectada/apagada o sin permisos?).
2026-07-10 08:18:01 - Detectados zebra.zpl y zebra.ok. Enviando a imprimir...
2026-07-10 08:18:01 - ERROR: no se puede escribir en /dev/usb/lp0 (¿impresora desconectada/apagada o sin permisos?).
2026-07-10 08:19:01 - Detectados zebra.zpl y zebra.ok. Enviando a imprimir...
2026-07-10 08:19:01 - ERROR: no se puede escribir en /dev/usb/lp0 (¿impresora desconectada/apagada o sin permisos?).
2026-07-10 08:20:01 - Detectados zebra.zpl y zebra.ok. Enviando a imprimir...
2026-07-10 08:20:01 - ERROR: no se puede escribir en /dev/usb/lp0 (¿impresora desconectada/apagada o sin permisos?).
2026-07-10 08:21:01 - Detectados zebra.zpl y zebra.ok. Enviando a imprimir...
2026-07-10 08:21:01 - ERROR: no se puede escribir en /dev/usb/lp0 (¿impresora desconectada/apagada o sin permisos?).
2026-07-10 08:22:01 - Detectados zebra.zpl y zebra.ok. Enviando a imprimir...
2026-07-10 08:22:01 - ERROR: no se puede escribir en /dev/usb/lp0 (¿impresora desconectada/apagada o sin permisos?).
2026-07-10 08:23:01 - Detectados zebra.zpl y zebra.ok. Enviando a imprimir...
2026-07-10 08:23:01 - Impresión enviada correctamente.
2026-07-10 08:23:01 - Archivos zebra.zpl y zebra.ok eliminados.
2026-07-10 08:56:01 - Detectados zebra.zpl y zebra.ok. Enviando a imprimir...
2026-07-10 08:56:01 - Impresión enviada correctamente.
2026-07-10 08:56:01 - Archivos zebra.zpl y zebra.ok eliminados.
2026-07-10 08:57:01 - Detectados zebra.zpl y zebra.ok. Enviando a imprimir...
2026-07-10 08:57:01 - Impresión enviada correctamente.
2026-07-10 08:57:01 - Archivos zebra.zpl y zebra.ok eliminados.
2026-07-10 08:59:01 - Detectados zebra.zpl y zebra.ok. Enviando a imprimir...
2026-07-10 08:59:01 - Impresión enviada correctamente.
2026-07-10 08:59:01 - Archivos zebra.zpl y zebra.ok eliminados.
2026-07-10 09:01:01 - Detectados zebra.zpl y zebra.ok. Enviando a imprimir...
2026-07-10 09:01:01 - Impresión enviada correctamente.
2026-07-10 09:01:01 - Archivos zebra.zpl y zebra.ok eliminados.
2026-07-10 09:05:01 - Detectados zebra.zpl y zebra.ok. Enviando a imprimir...
2026-07-10 09:05:01 - Impresión enviada correctamente.
2026-07-10 09:05:01 - Archivos zebra.zpl y zebra.ok eliminados.
2026-07-10 09:07:01 - Detectados zebra.zpl y zebra.ok. Enviando a imprimir...
2026-07-10 09:07:01 - Impresión enviada correctamente.
2026-07-10 09:07:01 - Archivos zebra.zpl y zebra.ok eliminados.
2026-07-10 09:11:01 - Detectados zebra.zpl y zebra.ok. Enviando a imprimir...
2026-07-10 09:11:01 - Impresión enviada correctamente.
2026-07-10 09:11:01 - Archivos zebra.zpl y zebra.ok eliminados.
2026-07-10 09:12:01 - Detectados zebra.zpl y zebra.ok. Enviando a imprimir...
2026-07-10 09:12:01 - Impresión enviada correctamente.
2026-07-10 09:12:01 - Archivos zebra.zpl y zebra.ok eliminados.
2026-07-10 09:14:01 - Detectados zebra.zpl y zebra.ok. Enviando a imprimir...
2026-07-10 09:14:01 - Impresión enviada correctamente.
2026-07-10 09:14:01 - Archivos zebra.zpl y zebra.ok eliminados.
2026-07-11 09:51:01 - Detectados zebra.zpl y zebra.ok. Enviando a imprimir...
2026-07-11 09:51:01 - Impresión enviada correctamente.
2026-07-11 09:51:01 - Archivos zebra.zpl y zebra.ok eliminados.
2026-07-11 09:54:01 - Detectados zebra.zpl y zebra.ok. Enviando a imprimir...
2026-07-11 09:54:01 - Impresión enviada correctamente.
2026-07-11 09:54:01 - Archivos zebra.zpl y zebra.ok eliminados.
2026-07-11 09:56:01 - Detectados zebra.zpl y zebra.ok. Enviando a imprimir...
2026-07-11 09:56:01 - Impresión enviada correctamente.
2026-07-11 09:56:01 - Archivos zebra.zpl y zebra.ok eliminados.
2026-07-11 09:59:01 - Detectados zebra.zpl y zebra.ok. Enviando a imprimir...
2026-07-11 09:59:01 - Impresión enviada correctamente.
2026-07-11 09:59:01 - Archivos zebra.zpl y zebra.ok eliminados.
2026-07-11 10:02:01 - Detectados zebra.zpl y zebra.ok. Enviando a imprimir...
2026-07-11 10:02:01 - Impresión enviada correctamente.
2026-07-11 10:02:01 - Archivos zebra.zpl y zebra.ok eliminados.
2026-07-11 10:05:01 - Detectados zebra.zpl y zebra.ok. Enviando a imprimir...
2026-07-11 10:05:01 - Impresión enviada correctamente.
2026-07-11 10:05:01 - Archivos zebra.zpl y zebra.ok eliminados.
2026-07-11 10:07:01 - Detectados zebra.zpl y zebra.ok. Enviando a imprimir...
2026-07-11 10:07:01 - Impresión enviada correctamente.
2026-07-11 10:07:01 - Archivos zebra.zpl y zebra.ok eliminados.
2026-07-13 09:13:01 - Detectados zebra.zpl y zebra.ok. Enviando a imprimir...
2026-07-13 09:13:01 - Impresión enviada correctamente.
2026-07-13 09:13:01 - Archivos zebra.zpl y zebra.ok eliminados.
2026-07-13 09:16:01 - Detectados zebra.zpl y zebra.ok. Enviando a imprimir...
2026-07-13 09:16:01 - Impresión enviada correctamente.
2026-07-13 09:16:01 - Archivos zebra.zpl y zebra.ok eliminados.
2026-07-13 09:19:01 - Detectados zebra.zpl y zebra.ok. Enviando a imprimir...
2026-07-13 09:19:01 - Impresión enviada correctamente.
2026-07-13 09:19:01 - Archivos zebra.zpl y zebra.ok eliminados.
2026-07-13 09:21:01 - Detectados zebra.zpl y zebra.ok. Enviando a imprimir...
2026-07-13 09:21:01 - Impresión enviada correctamente.
2026-07-13 09:21:01 - Archivos zebra.zpl y zebra.ok eliminados.
2026-07-13 09:23:01 - Detectados zebra.zpl y zebra.ok. Enviando a imprimir...
2026-07-13 09:23:01 - Impresión enviada correctamente.
2026-07-13 09:23:01 - Archivos zebra.zpl y zebra.ok eliminados.
2026-07-13 09:28:01 - Detectados zebra.zpl y zebra.ok. Enviando a imprimir...
2026-07-13 09:28:01 - Impresión enviada correctamente.
2026-07-13 09:28:01 - Archivos zebra.zpl y zebra.ok eliminados.
2026-07-13 09:31:01 - Detectados zebra.zpl y zebra.ok. Enviando a imprimir...
2026-07-13 09:31:01 - Impresión enviada correctamente.
2026-07-13 09:31:01 - Archivos zebra.zpl y zebra.ok eliminados.
2026-07-13 09:33:01 - Detectados zebra.zpl y zebra.ok. Enviando a imprimir...
2026-07-13 09:33:01 - Impresión enviada correctamente.
2026-07-13 09:33:01 - Archivos zebra.zpl y zebra.ok eliminados.
2026-07-13 09:36:01 - Detectados zebra.zpl y zebra.ok. Enviando a imprimir...
2026-07-13 09:36:01 - Impresión enviada correctamente.
2026-07-13 09:36:01 - Archivos zebra.zpl y zebra.ok eliminados.
2026-07-13 09:38:01 - Detectados zebra.zpl y zebra.ok. Enviando a imprimir...
2026-07-13 09:38:01 - Impresión enviada correctamente.
2026-07-13 09:38:01 - Archivos zebra.zpl y zebra.ok eliminados.
2026-07-14 12:18:01 - Detectados zebra.zpl y zebra.ok. Enviando a imprimir...
2026-07-14 12:18:01 - Impresión enviada correctamente.
2026-07-14 12:18:01 - Archivos zebra.zpl y zebra.ok eliminados.
2026-07-14 12:20:01 - Detectados zebra.zpl y zebra.ok. Enviando a imprimir...
2026-07-14 12:20:01 - Impresión enviada correctamente.
2026-07-14 12:20:01 - Archivos zebra.zpl y zebra.ok eliminados.
2026-07-14 12:23:01 - Detectados zebra.zpl y zebra.ok. Enviando a imprimir...
2026-07-14 12:23:01 - Impresión enviada correctamente.
2026-07-14 12:23:01 - Archivos zebra.zpl y zebra.ok eliminados.
2026-07-14 12:27:01 - Detectados zebra.zpl y zebra.ok. Enviando a imprimir...
2026-07-14 12:27:01 - Impresión enviada correctamente.
2026-07-14 12:27:01 - Archivos zebra.zpl y zebra.ok eliminados.
2026-07-14 12:29:01 - Detectados zebra.zpl y zebra.ok. Enviando a imprimir...
2026-07-14 12:29:01 - Impresión enviada correctamente.
2026-07-14 12:29:01 - Archivos zebra.zpl y zebra.ok eliminados.
2026-07-14 12:31:01 - Detectados zebra.zpl y zebra.ok. Enviando a imprimir...
2026-07-14 12:31:01 - Impresión enviada correctamente.
2026-07-14 12:31:01 - Archivos zebra.zpl y zebra.ok eliminados.
2026-07-14 12:33:01 - Detectados zebra.zpl y zebra.ok. Enviando a imprimir...
2026-07-14 12:33:01 - Impresión enviada correctamente.
2026-07-14 12:33:01 - Archivos zebra.zpl y zebra.ok eliminados.
2026-07-14 12:36:01 - Detectados zebra.zpl y zebra.ok. Enviando a imprimir...
2026-07-14 12:36:01 - Impresión enviada correctamente.
2026-07-14 12:36:01 - Archivos zebra.zpl y zebra.ok eliminados.
2026-07-14 12:42:01 - Detectados zebra.zpl y zebra.ok. Enviando a imprimir...
2026-07-14 12:42:01 - Impresión enviada correctamente.
2026-07-14 12:42:01 - Archivos zebra.zpl y zebra.ok eliminados.
2026-07-14 12:44:01 - Detectados zebra.zpl y zebra.ok. Enviando a imprimir...
2026-07-14 12:44:01 - Impresión enviada correctamente.
2026-07-14 12:44:01 - Archivos zebra.zpl y zebra.ok eliminados.
2026-07-14 12:46:01 - Detectados zebra.zpl y zebra.ok. Enviando a imprimir...
2026-07-14 12:46:01 - Impresión enviada correctamente.
2026-07-14 12:46:01 - Archivos zebra.zpl y zebra.ok eliminados.
2026-07-14 12:47:01 - Detectados zebra.zpl y zebra.ok. Enviando a imprimir...
2026-07-14 12:47:01 - Impresión enviada correctamente.
2026-07-14 12:47:01 - Archivos zebra.zpl y zebra.ok eliminados.
2026-07-15 08:59:01 - Detectados zebra.zpl y zebra.ok. Enviando a imprimir...
2026-07-15 08:59:01 - Impresión enviada correctamente.
2026-07-15 08:59:01 - Archivos zebra.zpl y zebra.ok eliminados.
2026-07-15 09:02:01 - Detectados zebra.zpl y zebra.ok. Enviando a imprimir...
2026-07-15 09:02:01 - Impresión enviada correctamente.
2026-07-15 09:02:01 - Archivos zebra.zpl y zebra.ok eliminados.
2026-07-15 09:04:01 - Detectados zebra.zpl y zebra.ok. Enviando a imprimir...
2026-07-15 09:04:01 - Impresión enviada correctamente.
2026-07-15 09:04:01 - Archivos zebra.zpl y zebra.ok eliminados.
2026-07-15 09:08:01 - Detectados zebra.zpl y zebra.ok. Enviando a imprimir...
2026-07-15 09:08:01 - Impresión enviada correctamente.
2026-07-15 09:08:01 - Archivos zebra.zpl y zebra.ok eliminados.
2026-07-15 09:10:01 - Detectados zebra.zpl y zebra.ok. Enviando a imprimir...
2026-07-15 09:10:01 - Impresión enviada correctamente.
2026-07-15 09:10:01 - Archivos zebra.zpl y zebra.ok eliminados.
2026-07-15 09:13:01 - Detectados zebra.zpl y zebra.ok. Enviando a imprimir...
2026-07-15 09:13:01 - Impresión enviada correctamente.
2026-07-15 09:13:01 - Archivos zebra.zpl y zebra.ok eliminados.
2026-07-15 09:15:01 - Detectados zebra.zpl y zebra.ok. Enviando a imprimir...
2026-07-15 09:15:01 - Impresión enviada correctamente.
2026-07-15 09:15:01 - Archivos zebra.zpl y zebra.ok eliminados.
2026-07-15 09:17:01 - Detectados zebra.zpl y zebra.ok. Enviando a imprimir...
2026-07-15 09:17:01 - Impresión enviada correctamente.
2026-07-15 09:17:01 - Archivos zebra.zpl y zebra.ok eliminados.
2026-07-15 09:19:01 - Detectados zebra.zpl y zebra.ok. Enviando a imprimir...
2026-07-15 09:19:01 - Impresión enviada correctamente.
2026-07-15 09:19:01 - Archivos zebra.zpl y zebra.ok eliminados.
2026-07-15 09:22:01 - Detectados zebra.zpl y zebra.ok. Enviando a imprimir...
2026-07-15 09:22:01 - Impresión enviada correctamente.
2026-07-15 09:22:01 - Archivos zebra.zpl y zebra.ok eliminados.
2026-07-15 09:24:01 - Detectados zebra.zpl y zebra.ok. Enviando a imprimir...
2026-07-15 09:24:01 - Impresión enviada correctamente.
2026-07-15 09:24:01 - Archivos zebra.zpl y zebra.ok eliminados.
2026-07-15 09:27:01 - Detectados zebra.zpl y zebra.ok. Enviando a imprimir...
2026-07-15 09:27:01 - Impresión enviada correctamente.
2026-07-15 09:27:01 - Archivos zebra.zpl y zebra.ok eliminados.
2026-07-15 09:30:01 - Detectados zebra.zpl y zebra.ok. Enviando a imprimir...
2026-07-15 09:30:01 - Impresión enviada correctamente.
2026-07-15 09:30:01 - Archivos zebra.zpl y zebra.ok eliminados.
2026-07-15 09:32:01 - Detectados zebra.zpl y zebra.ok. Enviando a imprimir...
2026-07-15 09:32:01 - Impresión enviada correctamente.
2026-07-15 09:32:01 - Archivos zebra.zpl y zebra.ok eliminados.
2026-07-15 09:34:01 - Detectados zebra.zpl y zebra.ok. Enviando a imprimir...
2026-07-15 09:34:01 - Impresión enviada correctamente.
2026-07-15 09:34:01 - Archivos zebra.zpl y zebra.ok eliminados.
2026-07-17 08:34:01 - Detectados zebra.zpl y zebra.ok. Enviando a imprimir...
2026-07-17 08:34:01 - Impresión enviada correctamente.
2026-07-17 08:34:01 - Archivos zebra.zpl y zebra.ok eliminados.
2026-07-17 08:36:01 - Detectados zebra.zpl y zebra.ok. Enviando a imprimir...
2026-07-17 08:36:01 - Impresión enviada correctamente.
2026-07-17 08:36:01 - Archivos zebra.zpl y zebra.ok eliminados.
2026-07-17 08:39:01 - Detectados zebra.zpl y zebra.ok. Enviando a imprimir...
2026-07-17 08:39:01 - Impresión enviada correctamente.
2026-07-17 08:39:01 - Archivos zebra.zpl y zebra.ok eliminados.
2026-07-17 08:41:01 - Detectados zebra.zpl y zebra.ok. Enviando a imprimir...
2026-07-17 08:41:01 - Impresión enviada correctamente.
2026-07-17 08:41:01 - Archivos zebra.zpl y zebra.ok eliminados.
2026-07-17 08:42:01 - Detectados zebra.zpl y zebra.ok. Enviando a imprimir...
2026-07-17 08:42:01 - Impresión enviada correctamente.
2026-07-17 08:42:01 - Archivos zebra.zpl y zebra.ok eliminados.
2026-07-17 08:46:01 - Detectados zebra.zpl y zebra.ok. Enviando a imprimir...
2026-07-17 08:46:01 - Impresión enviada correctamente.
2026-07-17 08:46:01 - Archivos zebra.zpl y zebra.ok eliminados.
2026-07-17 08:49:01 - Detectados zebra.zpl y zebra.ok. Enviando a imprimir...
2026-07-17 08:49:01 - Impresión enviada correctamente.
2026-07-17 08:49:01 - Archivos zebra.zpl y zebra.ok eliminados.
2026-07-17 08:52:01 - Detectados zebra.zpl y zebra.ok. Enviando a imprimir...
2026-07-17 08:52:01 - Impresión enviada correctamente.
2026-07-17 08:52:01 - Archivos zebra.zpl y zebra.ok eliminados.
2026-07-17 08:53:01 - Detectados zebra.zpl y zebra.ok. Enviando a imprimir...
2026-07-17 08:53:01 - Impresión enviada correctamente.
2026-07-17 08:53:01 - Archivos zebra.zpl y zebra.ok eliminados.
2026-07-17 08:54:01 - Detectados zebra.zpl y zebra.ok. Enviando a imprimir...
2026-07-17 08:54:01 - Impresión enviada correctamente.
2026-07-17 08:54:01 - Archivos zebra.zpl y zebra.ok eliminados.
2026-07-17 08:59:01 - Detectados zebra.zpl y zebra.ok. Enviando a imprimir...
2026-07-17 08:59:01 - Impresión enviada correctamente.
2026-07-17 08:59:01 - Archivos zebra.zpl y zebra.ok eliminados.
2026-07-17 09:01:01 - Detectados zebra.zpl y zebra.ok. Enviando a imprimir...
2026-07-17 09:01:01 - Impresión enviada correctamente.
2026-07-17 09:01:01 - Archivos zebra.zpl y zebra.ok eliminados.
2026-07-17 09:06:01 - Detectados zebra.zpl y zebra.ok. Enviando a imprimir...
2026-07-17 09:06:01 - Impresión enviada correctamente.
2026-07-17 09:06:01 - Archivos zebra.zpl y zebra.ok eliminados.
2026-07-17 09:10:01 - Detectados zebra.zpl y zebra.ok. Enviando a imprimir...
2026-07-17 09:10:01 - Impresión enviada correctamente.
2026-07-17 09:10:01 - Archivos zebra.zpl y zebra.ok eliminados.
2026-07-17 09:13:01 - Detectados zebra.zpl y zebra.ok. Enviando a imprimir...
2026-07-17 09:13:01 - Impresión enviada correctamente.
2026-07-17 09:13:01 - Archivos zebra.zpl y zebra.ok eliminados.
2026-07-17 09:17:01 - Detectados zebra.zpl y zebra.ok. Enviando a imprimir...
2026-07-17 09:17:01 - Impresión enviada correctamente.
2026-07-17 09:17:01 - Archivos zebra.zpl y zebra.ok eliminados.
2026-07-17 09:21:01 - Detectados zebra.zpl y zebra.ok. Enviando a imprimir...
2026-07-17 09:21:01 - Impresión enviada correctamente.
2026-07-17 09:21:01 - Archivos zebra.zpl y zebra.ok eliminados.
2026-07-17 09:25:01 - Detectados zebra.zpl y zebra.ok. Enviando a imprimir...
2026-07-17 09:25:01 - Impresión enviada correctamente.
2026-07-17 09:25:01 - Archivos zebra.zpl y zebra.ok eliminados.
2026-07-17 18:53:01 - Detectados zebra.zpl y zebra.ok. Enviando a imprimir...
2026-07-17 18:53:01 - Impresión enviada correctamente.
2026-07-17 18:53:01 - Archivos zebra.zpl y zebra.ok eliminados.
2026-07-17 18:57:01 - Detectados zebra.zpl y zebra.ok. Enviando a imprimir...
2026-07-17 18:57:01 - Impresión enviada correctamente.
2026-07-17 18:57:01 - Archivos zebra.zpl y zebra.ok eliminados.
2026-07-17 19:00:01 - Detectados zebra.zpl y zebra.ok. Enviando a imprimir...
2026-07-17 19:00:01 - Impresión enviada correctamente.
2026-07-17 19:00:01 - Archivos zebra.zpl y zebra.ok eliminados.
2026-07-17 19:03:01 - Detectados zebra.zpl y zebra.ok. Enviando a imprimir...
2026-07-17 19:03:01 - Impresión enviada correctamente.
2026-07-17 19:03:01 - Archivos zebra.zpl y zebra.ok eliminados.
2026-07-17 19:06:01 - Detectados zebra.zpl y zebra.ok. Enviando a imprimir...
2026-07-17 19:06:01 - Impresión enviada correctamente.
2026-07-17 19:06:01 - Archivos zebra.zpl y zebra.ok eliminados.
2026-07-17 19:09:01 - Detectados zebra.zpl y zebra.ok. Enviando a imprimir...
2026-07-17 19:09:01 - Impresión enviada correctamente.
2026-07-17 19:09:01 - Archivos zebra.zpl y zebra.ok eliminados.
2026-07-17 19:11:01 - Detectados zebra.zpl y zebra.ok. Enviando a imprimir...
2026-07-17 19:11:01 - Impresión enviada correctamente.
2026-07-17 19:11:01 - Archivos zebra.zpl y zebra.ok eliminados.
2026-07-17 19:14:01 - Detectados zebra.zpl y zebra.ok. Enviando a imprimir...
2026-07-17 19:14:01 - Impresión enviada correctamente.
2026-07-17 19:14:01 - Archivos zebra.zpl y zebra.ok eliminados.
2026-07-17 19:16:01 - Detectados zebra.zpl y zebra.ok. Enviando a imprimir...
2026-07-17 19:16:01 - Impresión enviada correctamente.
2026-07-17 19:16:01 - Archivos zebra.zpl y zebra.ok eliminados.
2026-07-17 19:19:02 - Detectados zebra.zpl y zebra.ok. Enviando a imprimir...
2026-07-17 19:19:02 - Impresión enviada correctamente.
2026-07-17 19:19:02 - Archivos zebra.zpl y zebra.ok eliminados.
2026-07-18 08:54:01 - Detectados zebra.zpl y zebra.ok. Enviando a imprimir...
2026-07-18 08:54:01 - Impresión enviada correctamente.
2026-07-18 08:54:01 - Archivos zebra.zpl y zebra.ok eliminados.
2026-07-18 08:56:01 - Detectados zebra.zpl y zebra.ok. Enviando a imprimir...
2026-07-18 08:56:01 - Impresión enviada correctamente.
2026-07-18 08:56:01 - Archivos zebra.zpl y zebra.ok eliminados.
2026-07-18 09:01:01 - Detectados zebra.zpl y zebra.ok. Enviando a imprimir...
2026-07-18 09:01:01 - Impresión enviada correctamente.
2026-07-18 09:01:01 - Archivos zebra.zpl y zebra.ok eliminados.
2026-07-18 09:04:01 - Detectados zebra.zpl y zebra.ok. Enviando a imprimir...
2026-07-18 09:04:01 - Impresión enviada correctamente.
2026-07-18 09:04:01 - Archivos zebra.zpl y zebra.ok eliminados.
2026-07-18 09:06:02 - Detectados zebra.zpl y zebra.ok. Enviando a imprimir...
2026-07-18 09:06:02 - Impresión enviada correctamente.
2026-07-18 09:06:02 - Archivos zebra.zpl y zebra.ok eliminados.
2026-07-18 09:11:01 - Detectados zebra.zpl y zebra.ok. Enviando a imprimir...
2026-07-18 09:11:01 - Impresión enviada correctamente.
2026-07-18 09:11:01 - Archivos zebra.zpl y zebra.ok eliminados.
2026-07-18 09:18:01 - Detectados zebra.zpl y zebra.ok. Enviando a imprimir...
2026-07-18 09:18:01 - Impresión enviada correctamente.
2026-07-18 09:18:01 - Archivos zebra.zpl y zebra.ok eliminados.
2026-07-18 09:24:01 - Detectados zebra.zpl y zebra.ok. Enviando a imprimir...
2026-07-18 09:24:01 - Impresión enviada correctamente.
2026-07-18 09:24:01 - Archivos zebra.zpl y zebra.ok eliminados.
2026-07-18 09:26:01 - Detectados zebra.zpl y zebra.ok. Enviando a imprimir...
2026-07-18 09:26:01 - Impresión enviada correctamente.
2026-07-18 09:26:01 - Archivos zebra.zpl y zebra.ok eliminados.
2026-07-18 09:30:01 - Detectados zebra.zpl y zebra.ok. Enviando a imprimir...
2026-07-18 09:30:01 - Impresión enviada correctamente.
2026-07-18 09:30:01 - Archivos zebra.zpl y zebra.ok eliminados.
2026-07-20 08:55:01 - Detectados zebra.zpl y zebra.ok. Enviando a imprimir...
2026-07-20 08:55:01 - Impresión enviada correctamente.
2026-07-20 08:55:01 - Archivos zebra.zpl y zebra.ok eliminados.
2026-07-20 08:57:01 - Detectados zebra.zpl y zebra.ok. Enviando a imprimir...
2026-07-20 08:57:01 - Impresión enviada correctamente.
2026-07-20 08:57:01 - Archivos zebra.zpl y zebra.ok eliminados.
2026-07-20 09:00:01 - Detectados zebra.zpl y zebra.ok. Enviando a imprimir...
2026-07-20 09:00:01 - Impresión enviada correctamente.
2026-07-20 09:00:01 - Archivos zebra.zpl y zebra.ok eliminados.
2026-07-20 09:02:01 - Detectados zebra.zpl y zebra.ok. Enviando a imprimir...
2026-07-20 09:02:01 - Impresión enviada correctamente.
2026-07-20 09:02:01 - Archivos zebra.zpl y zebra.ok eliminados.
2026-07-20 09:06:01 - Detectados zebra.zpl y zebra.ok. Enviando a imprimir...
2026-07-20 09:06:01 - Impresión enviada correctamente.
2026-07-20 09:06:01 - Archivos zebra.zpl y zebra.ok eliminados.
2026-07-20 09:08:01 - Detectados zebra.zpl y zebra.ok. Enviando a imprimir...
2026-07-20 09:08:01 - Impresión enviada correctamente.
2026-07-20 09:08:01 - Archivos zebra.zpl y zebra.ok eliminados.
2026-07-20 09:10:01 - Detectados zebra.zpl y zebra.ok. Enviando a imprimir...
2026-07-20 09:10:01 - Impresión enviada correctamente.
2026-07-20 09:10:01 - Archivos zebra.zpl y zebra.ok eliminados.
2026-07-20 09:12:01 - Detectados zebra.zpl y zebra.ok. Enviando a imprimir...
2026-07-20 09:12:01 - Impresión enviada correctamente.
2026-07-20 09:12:01 - Archivos zebra.zpl y zebra.ok eliminados.
2026-07-20 09:14:01 - Detectados zebra.zpl y zebra.ok. Enviando a imprimir...
2026-07-20 09:14:01 - Impresión enviada correctamente.
2026-07-20 09:14:01 - Archivos zebra.zpl y zebra.ok eliminados.
2026-07-20 17:39:01 - Detectados zebra.zpl y zebra.ok. Enviando a imprimir...
2026-07-20 17:39:01 - Impresión enviada correctamente.
2026-07-20 17:39:01 - Archivos zebra.zpl y zebra.ok eliminados.
2026-07-20 17:42:01 - Detectados zebra.zpl y zebra.ok. Enviando a imprimir...
2026-07-20 17:42:01 - Impresión enviada correctamente.
2026-07-20 17:42:01 - Archivos zebra.zpl y zebra.ok eliminados.
2026-07-20 17:44:01 - Detectados zebra.zpl y zebra.ok. Enviando a imprimir...
2026-07-20 17:44:01 - Impresión enviada correctamente.
2026-07-20 17:44:01 - Archivos zebra.zpl y zebra.ok eliminados.
2026-07-20 17:45:01 - Detectados zebra.zpl y zebra.ok. Enviando a imprimir...
2026-07-20 17:45:01 - Impresión enviada correctamente.
2026-07-20 17:45:01 - Archivos zebra.zpl y zebra.ok eliminados.
2026-07-20 17:47:01 - Detectados zebra.zpl y zebra.ok. Enviando a imprimir...
2026-07-20 17:47:01 - Impresión enviada correctamente.
2026-07-20 17:47:01 - Archivos zebra.zpl y zebra.ok eliminados.
2026-07-20 17:48:01 - Detectados zebra.zpl y zebra.ok. Enviando a imprimir...
2026-07-20 17:48:01 - Impresión enviada correctamente.
2026-07-20 17:48:01 - Archivos zebra.zpl y zebra.ok eliminados.
2026-07-20 17:49:01 - Detectados zebra.zpl y zebra.ok. Enviando a imprimir...
2026-07-20 17:49:01 - Impresión enviada correctamente.
2026-07-20 17:49:01 - Archivos zebra.zpl y zebra.ok eliminados.
2026-07-20 17:51:01 - Detectados zebra.zpl y zebra.ok. Enviando a imprimir...
2026-07-20 17:51:01 - Impresión enviada correctamente.
2026-07-20 17:51:01 - Archivos zebra.zpl y zebra.ok eliminados.
2026-07-20 17:53:01 - Detectados zebra.zpl y zebra.ok. Enviando a imprimir...
2026-07-20 17:53:01 - Impresión enviada correctamente.
2026-07-20 17:53:01 - Archivos zebra.zpl y zebra.ok eliminados.
2026-07-21 09:20:01 - Detectados zebra.zpl y zebra.ok. Enviando a imprimir...
2026-07-21 09:20:01 - Impresión enviada correctamente.
2026-07-21 09:20:01 - Archivos zebra.zpl y zebra.ok eliminados.
2026-07-21 09:23:01 - Detectados zebra.zpl y zebra.ok. Enviando a imprimir...
2026-07-21 09:23:01 - Impresión enviada correctamente.
2026-07-21 09:23:01 - Archivos zebra.zpl y zebra.ok eliminados.
2026-07-21 09:24:01 - Detectados zebra.zpl y zebra.ok. Enviando a imprimir...
2026-07-21 09:24:01 - Impresión enviada correctamente.
2026-07-21 09:24:01 - Archivos zebra.zpl y zebra.ok eliminados.
2026-07-21 09:26:01 - Detectados zebra.zpl y zebra.ok. Enviando a imprimir...
2026-07-21 09:26:01 - Impresión enviada correctamente.
2026-07-21 09:26:01 - Archivos zebra.zpl y zebra.ok eliminados.
2026-07-21 09:28:02 - Detectados zebra.zpl y zebra.ok. Enviando a imprimir...
2026-07-21 09:28:02 - Impresión enviada correctamente.
2026-07-21 09:28:02 - Archivos zebra.zpl y zebra.ok eliminados.
2026-07-21 09:30:01 - Detectados zebra.zpl y zebra.ok. Enviando a imprimir...
2026-07-21 09:30:01 - Impresión enviada correctamente.
2026-07-21 09:30:01 - Archivos zebra.zpl y zebra.ok eliminados.
2026-07-21 09:31:01 - Detectados zebra.zpl y zebra.ok. Enviando a imprimir...
2026-07-21 09:31:01 - Impresión enviada correctamente.
2026-07-21 09:31:01 - Archivos zebra.zpl y zebra.ok eliminados.
2026-07-21 09:34:01 - Detectados zebra.zpl y zebra.ok. Enviando a imprimir...
2026-07-21 09:34:01 - Impresión enviada correctamente.
2026-07-21 09:34:01 - Archivos zebra.zpl y zebra.ok eliminados.
2026-07-21 09:37:01 - Detectados zebra.zpl y zebra.ok. Enviando a imprimir...
2026-07-21 09:37:01 - Impresión enviada correctamente.
2026-07-21 09:37:01 - Archivos zebra.zpl y zebra.ok eliminados.
2026-07-21 17:07:01 - Detectados zebra.zpl y zebra.ok. Enviando a imprimir...
2026-07-21 17:07:01 - Impresión enviada correctamente.
2026-07-21 17:07:01 - Archivos zebra.zpl y zebra.ok eliminados.
2026-07-21 17:09:01 - Detectados zebra.zpl y zebra.ok. Enviando a imprimir...
2026-07-21 17:09:01 - Impresión enviada correctamente.
2026-07-21 17:09:01 - Archivos zebra.zpl y zebra.ok eliminados.
2026-07-21 17:12:01 - Detectados zebra.zpl y zebra.ok. Enviando a imprimir...
2026-07-21 17:12:01 - Impresión enviada correctamente.
2026-07-21 17:12:01 - Archivos zebra.zpl y zebra.ok eliminados.
2026-07-21 17:14:01 - Detectados zebra.zpl y zebra.ok. Enviando a imprimir...
2026-07-21 17:14:01 - Impresión enviada correctamente.
2026-07-21 17:14:01 - Archivos zebra.zpl y zebra.ok eliminados.
2026-07-21 17:16:01 - Detectados zebra.zpl y zebra.ok. Enviando a imprimir...
2026-07-21 17:16:01 - Impresión enviada correctamente.
2026-07-21 17:16:01 - Archivos zebra.zpl y zebra.ok eliminados.
2026-07-21 17:18:01 - Detectados zebra.zpl y zebra.ok. Enviando a imprimir...
2026-07-21 17:18:01 - Impresión enviada correctamente.
2026-07-21 17:18:01 - Archivos zebra.zpl y zebra.ok eliminados.
2026-07-21 17:20:01 - Detectados zebra.zpl y zebra.ok. Enviando a imprimir...
2026-07-21 17:20:01 - Impresión enviada correctamente.
2026-07-21 17:20:01 - Archivos zebra.zpl y zebra.ok eliminados.
2026-07-21 17:23:01 - Detectados zebra.zpl y zebra.ok. Enviando a imprimir...
2026-07-21 17:23:01 - Impresión enviada correctamente.
2026-07-21 17:23:01 - Archivos zebra.zpl y zebra.ok eliminados.
2026-07-22 09:30:01 - Detectados zebra.zpl y zebra.ok. Enviando a imprimir...
2026-07-22 09:30:01 - Impresión enviada correctamente.
2026-07-22 09:30:01 - Archivos zebra.zpl y zebra.ok eliminados.
2026-07-22 09:35:01 - Detectados zebra.zpl y zebra.ok. Enviando a imprimir...
2026-07-22 09:35:01 - Impresión enviada correctamente.
2026-07-22 09:35:01 - Archivos zebra.zpl y zebra.ok eliminados.
2026-07-22 09:37:01 - Detectados zebra.zpl y zebra.ok. Enviando a imprimir...
2026-07-22 09:37:01 - Impresión enviada correctamente.
2026-07-22 09:37:01 - Archivos zebra.zpl y zebra.ok eliminados.
2026-07-22 09:41:01 - Detectados zebra.zpl y zebra.ok. Enviando a imprimir...
2026-07-22 09:41:01 - Impresión enviada correctamente.
2026-07-22 09:41:01 - Archivos zebra.zpl y zebra.ok eliminados.
2026-07-22 09:44:01 - Detectados zebra.zpl y zebra.ok. Enviando a imprimir...
2026-07-22 09:44:01 - Impresión enviada correctamente.
2026-07-22 09:44:01 - Archivos zebra.zpl y zebra.ok eliminados.
2026-07-22 09:48:01 - Detectados zebra.zpl y zebra.ok. Enviando a imprimir...
2026-07-22 09:48:01 - Impresión enviada correctamente.
2026-07-22 09:48:01 - Archivos zebra.zpl y zebra.ok eliminados.
2026-07-22 09:50:01 - Detectados zebra.zpl y zebra.ok. Enviando a imprimir...
2026-07-22 09:50:01 - Impresión enviada correctamente.
2026-07-22 09:50:01 - Archivos zebra.zpl y zebra.ok eliminados.
2026-07-22 09:53:01 - Detectados zebra.zpl y zebra.ok. Enviando a imprimir...
2026-07-22 09:53:01 - Impresión enviada correctamente.
2026-07-22 09:53:01 - Archivos zebra.zpl y zebra.ok eliminados.
2026-07-22 09:55:01 - Detectados zebra.zpl y zebra.ok. Enviando a imprimir...
2026-07-22 09:55:01 - Impresión enviada correctamente.
2026-07-22 09:55:01 - Archivos zebra.zpl y zebra.ok eliminados.
2026-07-22 17:50:01 - Detectados zebra.zpl y zebra.ok. Enviando a imprimir...
2026-07-22 17:50:01 - Impresión enviada correctamente.
2026-07-22 17:50:01 - Archivos zebra.zpl y zebra.ok eliminados.
2026-07-22 17:53:01 - Detectados zebra.zpl y zebra.ok. Enviando a imprimir...
2026-07-22 17:53:01 - Impresión enviada correctamente.
2026-07-22 17:53:01 - Archivos zebra.zpl y zebra.ok eliminados.
2026-07-22 17:54:01 - Detectados zebra.zpl y zebra.ok. Enviando a imprimir...
2026-07-22 17:54:01 - Impresión enviada correctamente.
2026-07-22 17:54:01 - Archivos zebra.zpl y zebra.ok eliminados.
2026-07-22 17:55:01 - Detectados zebra.zpl y zebra.ok. Enviando a imprimir...
2026-07-22 17:55:01 - Impresión enviada correctamente.
2026-07-22 17:55:01 - Archivos zebra.zpl y zebra.ok eliminados.
2026-07-22 17:58:01 - Detectados zebra.zpl y zebra.ok. Enviando a imprimir...
2026-07-22 17:58:01 - Impresión enviada correctamente.
2026-07-22 17:58:01 - Archivos zebra.zpl y zebra.ok eliminados.
2026-07-22 18:00:01 - Detectados zebra.zpl y zebra.ok. Enviando a imprimir...
2026-07-22 18:00:01 - Impresión enviada correctamente.
2026-07-22 18:00:01 - Archivos zebra.zpl y zebra.ok eliminados.
2026-07-22 18:03:01 - Detectados zebra.zpl y zebra.ok. Enviando a imprimir...
2026-07-22 18:03:01 - Impresión enviada correctamente.
2026-07-22 18:03:01 - Archivos zebra.zpl y zebra.ok eliminados.
2026-07-22 18:04:02 - Detectados zebra.zpl y zebra.ok. Enviando a imprimir...
2026-07-22 18:04:02 - Impresión enviada correctamente.
2026-07-22 18:04:02 - Archivos zebra.zpl y zebra.ok eliminados.
2026-07-22 18:07:01 - Detectados zebra.zpl y zebra.ok. Enviando a imprimir...
2026-07-22 18:07:01 - Impresión enviada correctamente.
2026-07-22 18:07:01 - Archivos zebra.zpl y zebra.ok eliminados.
2026-07-22 18:09:01 - Detectados zebra.zpl y zebra.ok. Enviando a imprimir...
2026-07-22 18:09:01 - Impresión enviada correctamente.
2026-07-22 18:09:01 - Archivos zebra.zpl y zebra.ok eliminados.
2026-07-23 09:26:01 - Detectados zebra.zpl y zebra.ok. Enviando a imprimir...
2026-07-23 09:26:01 - Impresión enviada correctamente.
2026-07-23 09:26:01 - Archivos zebra.zpl y zebra.ok eliminados.
2026-07-23 09:29:01 - Detectados zebra.zpl y zebra.ok. Enviando a imprimir...
2026-07-23 09:29:01 - Impresión enviada correctamente.
2026-07-23 09:29:01 - Archivos zebra.zpl y zebra.ok eliminados.
2026-07-23 09:32:01 - Detectados zebra.zpl y zebra.ok. Enviando a imprimir...
2026-07-23 09:32:01 - Impresión enviada correctamente.
2026-07-23 09:32:01 - Archivos zebra.zpl y zebra.ok eliminados.
2026-07-23 09:34:01 - Detectados zebra.zpl y zebra.ok. Enviando a imprimir...
2026-07-23 09:34:01 - Impresión enviada correctamente.
2026-07-23 09:34:01 - Archivos zebra.zpl y zebra.ok eliminados.
2026-07-23 09:37:01 - Detectados zebra.zpl y zebra.ok. Enviando a imprimir...
2026-07-23 09:37:01 - Impresión enviada correctamente.
2026-07-23 09:37:01 - Archivos zebra.zpl y zebra.ok eliminados.
2026-07-23 09:40:01 - Detectados zebra.zpl y zebra.ok. Enviando a imprimir...
2026-07-23 09:40:01 - Impresión enviada correctamente.
2026-07-23 09:40:01 - Archivos zebra.zpl y zebra.ok eliminados.
2026-07-23 09:42:01 - Detectados zebra.zpl y zebra.ok. Enviando a imprimir...
2026-07-23 09:42:01 - Impresión enviada correctamente.
2026-07-23 09:42:01 - Archivos zebra.zpl y zebra.ok eliminados.
2026-07-23 09:56:01 - Detectados zebra.zpl y zebra.ok. Enviando a imprimir...
2026-07-23 09:56:01 - Impresión enviada correctamente.
2026-07-23 09:56:01 - Archivos zebra.zpl y zebra.ok eliminados.
2026-07-23 09:59:01 - Detectados zebra.zpl y zebra.ok. Enviando a imprimir...
2026-07-23 09:59:01 - Impresión enviada correctamente.
2026-07-23 09:59:01 - Archivos zebra.zpl y zebra.ok eliminados.
2026-07-23 10:28:01 - Detectados zebra.zpl y zebra.ok. Enviando a imprimir...
2026-07-23 10:28:01 - Impresión enviada correctamente.
2026-07-23 10:28:01 - Archivos zebra.zpl y zebra.ok eliminados.
